city,date,day_temperatre,night_temperature
Вологда,01.03.2023,-3.8,-8.5
Вологда,02.03.2023,-3.9,-8.3
Вологда,03.03.2023,-0.6,-3.8
Вологда,04.03.2023,1.1,-4.0
Вологда,05.03.2023,-4.2,-7.4
Вологда,06.03.2023,-3.4,-9.7
Вологда,07.03.2023,-1.2,-11.4
Вологда,08.03.2023,-2.8,-14.6
Вологда,09.03.2023,-0.9,-4.5
Вологда,10.03.2023,-5.4,-18.1
Вологда,11.03.2023,-2.7,-23.3
Вологда,12.03.2023,4.0,-4.9
Вологда,13.03.2023,-3.1,-7.1
Вологда,14.03.2023,3.2,-11.0
Вологда,15.03.2023,6.6,2.1
Вологда,16.03.2023,3.1,-0.5
Вологда,17.03.2023,0.6,-11.0
Вологда,18.03.2023,2.4,-14.6
Вологда,19.03.2023,2.4,-6.0
Вологда,20.03.2023,5.7,-0.1
Вологда,21.03.2023,7.2,2.8
Вологда,22.03.2023,3.9,-3.1
Вологда,23.03.2023,5.8,1.5
Вологда,24.03.2023,5.7,2.3
Вологда,25.03.2023,6.9,2.0
Вологда,26.03.2023,5.5,1.0
Вологда,27.03.2023,6.2,0.4
Вологда,28.03.2023,3.3,-0.5
Вологда,29.03.2023,6.8,0.3
Вологда,30.03.2023,3.9,-0.1
Вологда,31.03.2023,0.1,-3.2
Рязань,01.03.2023,-1.8,-8.0
Рязань,02.03.2023,-2.6,-7.9
Рязань,03.03.2023,2.7,-3.0
Рязань,04.03.2023,1.6,-4.6
Рязань,05.03.2023,-1.4,-3.5
Рязань,06.03.2023,-0.4,-6.7
Рязань,07.03.2023,-0.3,-8.0
Рязань,08.03.2023,1.8,-4.9
Рязань,09.03.2023,2.8,-3.4
Рязань,10.03.2023,-1.9,-10.2
Рязань,11.03.2023,1.7,-11.1
Рязань,12.03.2023,5.7,-2.7
Рязань,13.03.2023,0.4,-4.4
Рязань,14.03.2023,3.9,-5.2
Рязань,15.03.2023,5.1,1.5
Рязань,16.03.2023,3.0,0.1
Рязань,17.03.2023,4.6,-1.5
Рязань,18.03.2023,4.2,-4.7
Рязань,19.03.2023,1.1,-5.5
Рязань,20.03.2023,5.6,-0.4
Рязань,21.03.2023,6.3,0.1
Рязань,22.03.2023,7.6,2.0
Рязань,23.03.2023,9.4,2.4
Рязань,24.03.2023,8.0,5.2
Рязань,25.03.2023,12.9,2.7
Рязань,26.03.2023,12.6,6.9
Рязань,27.03.2023,10.5,3.4
Рязань,28.03.2023,11.0,-0.2
Рязань,29.03.2023,9.6,5.7
Рязань,30.03.2023,6.4,2.0
Рязань,31.03.2023,4.0,0.4
Орел,01.03.2023,1.1,-5.4
Орел,02.03.2023,1.4,-6.2
Орел,03.03.2023,4.2,-1.7
Орел,04.03.2023,1.0,-2.2
Орел,05.03.2023,1.2,-5.6
Орел,06.03.2023,0.4,-6.0
Орел,07.03.2023,0.2,-7.3
Орел,08.03.2023,2.0,-7.3
Орел,09.03.2023,4.0,-1.5
Орел,10.03.2023,0.8,-4.3
Орел,11.03.2023,4.3,-4.0
Орел,12.03.2023,6.1,-2.9
Орел,13.03.2023,1.4,-5.7
Орел,14.03.2023,6.2,-1.0
Орел,15.03.2023,6.4,1.2
Орел,16.03.2023,4.0,2.0
Орел,17.03.2023,3.1,1.4
Орел,18.03.2023,3.9,-1.8
Орел,19.03.2023,4.9,-4.7
Орел,20.03.2023,6.1,-2.4
Орел,21.03.2023,10.2,-0.4
Орел,22.03.2023,10.3,-0.8
Орел,23.03.2023,14.0,2.8
Орел,24.03.2023,13.6,6.5
Орел,25.03.2023,14.8,6.3
Орел,26.03.2023,8.2,4.1
Орел,27.03.2023,12.8,2.6
Орел,28.03.2023,14.8,0.3
Орел,29.03.2023,7.8,1.5
Орел,30.03.2023,3.3,-1.3
Орел,31.03.2023,1.8,-2.8
Калуга,01.03.2023,-2.0,-5.0
Калуга,02.03.2023,1.0,-5.0
Калуга,03.03.2023,2.0,-5.0
Калуга,04.03.2023,0.0,-5.0
Калуга,05.03.2023,-1.0,-5.0
Калуга,06.03.2023,-1.0,-5.0
Калуга,07.03.2023,-2.0,-8.0
Калуга,08.03.2023,2.0,-6.0
Калуга,09.03.2023,0.0,-7.0
Калуга,10.03.2023,-3.0,-11.0
Калуга,11.03.2023,3.0,-6.0
Калуга,12.03.2023,6.0,-4.0
Калуга,13.03.2023,-1.0,-6.0
Калуга,14.03.2023,6.0,-1.0
Калуга,15.03.2023,6.0,3.0
Калуга,16.03.2023,4.0,1.0
Калуга,17.03.2023,5.0,-3.0
Калуга,18.03.2023,4.0,-5.0
Калуга,19.03.2023,6.0,-7.0
Калуга,20.03.2023,4.0,-9.0
Калуга,21.03.2023,9.0,-1.0
Калуга,22.03.2023,6.0,2.0
Калуга,23.03.2023,11.0,0.0
Калуга,24.03.2023,10.0,1.0
Калуга,25.03.2023,11.0,2.0
Калуга,26.03.2023,7.0,3.0
Калуга,27.03.2023,8.0,-2.0
Калуга,28.03.2023,12.0,-3.0
Калуга,29.03.2023,9.0,3.0
Калуга,30.03.2023,3.0,-2.0
Калуга,31.03.2023,3.0,-2.0
Анадырь,01.03.2023,-25.4,-32.0
Анадырь,02.03.2023,-28.0,-31.0
Анадырь,03.03.2023,-28.0,-36.0
Анадырь,04.03.2023,-13.0,-30.0
Анадырь,05.03.2023,-17.0,-26.7
Анадырь,06.03.2023,-25.0,-31.6
Анадырь,07.03.2023,-28.0,-32.5
Анадырь,08.03.2023,,-29.0
Анадырь,09.03.2023,-1.0,-11.6
Анадырь,10.03.2023,-0.4,-11.4
Анадырь,11.03.2023,-10.7,-25.3
Анадырь,12.03.2023,-15.0,-27.1
Анадырь,13.03.2023,-9.0,-20.3
Анадырь,14.03.2023,-13.0,-26.0
Анадырь,15.03.2023,-16.0,-23.0
Анадырь,16.03.2023,-10.0,-18.7
Анадырь,17.03.2023,-4.0,-16.3
Анадырь,18.03.2023,-3.0,-10.7
Анадырь,19.03.2023,-1.0,-10.0
Анадырь,20.03.2023,-7.0,-16.7
Анадырь,21.03.2023,-6.0,-21.7
Анадырь,22.03.2023,-21.0,-23.3
Анадырь,23.03.2023,-21.0,-26.0
Анадырь,24.03.2023,-18.0,-29.0
Анадырь,25.03.2023,-1.0,-21.1
Анадырь,26.03.2023,-1.8,-20.0
Анадырь,27.03.2023,-14.0,-24.0
Анадырь,28.03.2023,-3.0,-16.1
Анадырь,29.03.2023,-2.0,-9.3
Анадырь,30.03.2023,-7.0,-18.0
Анадырь,31.03.2023,-5.0,-15.4
Биробиджан,01.03.2023,-0.4,-19.4
Биробиджан,02.03.2023,-4.0,-20.9
Биробиджан,03.03.2023,-0.2,-19.2
Биробиджан,04.03.2023,2.4,-10.4
Биробиджан,05.03.2023,6.7,-2.7
Биробиджан,06.03.2023,8.8,-8.7
Биробиджан,07.03.2023,2.6,-9.1
Биробиджан,08.03.2023,2.4,-8.8
Биробиджан,09.03.2023,-0.7,-9.3
Биробиджан,10.03.2023,1.6,-2.6
Биробиджан,11.03.2023,4.1,-9.2
Биробиджан,12.03.2023,-0.9,-6.0
Биробиджан,13.03.2023,-3.6,-8.5
Биробиджан,14.03.2023,-0.3,-9.4
Биробиджан,15.03.2023,-3.0,-11.1
Биробиджан,16.03.2023,-0.7,-13.9
Биробиджан,17.03.2023,0.6,-15.2
Биробиджан,18.03.2023,5.6,-7.4
Биробиджан,19.03.2023,11.7,-2.7
Биробиджан,20.03.2023,14.3,-4.5
Биробиджан,21.03.2023,12.8,-2.7
Биробиджан,22.03.2023,7.4,-2.1
Биробиджан,23.03.2023,4.8,-6.2
Биробиджан,24.03.2023,2.4,-9.8
Биробиджан,25.03.2023,5.3,-9.2
Биробиджан,26.03.2023,5.9,-9.4
Биробиджан,27.03.2023,11.1,-8.1
Биробиджан,28.03.2023,12.2,-4.6
Биробиджан,29.03.2023,14.5,-2.5
Биробиджан,30.03.2023,9.3,-5.1
Биробиджан,31.03.2023,10.8,-5.5
Ханты-Мансийск,01.03.2023,-3.5,-8.0
Ханты-Мансийск,02.03.2023,-5.3,-14.0
Ханты-Мансийск,03.03.2023,-12.3,-24.0
Ханты-Мансийск,04.03.2023,-14.0,-25.6
Ханты-Мансийск,05.03.2023,-6.0,-18.2
Ханты-Мансийск,06.03.2023,-3.4,-13.0
Ханты-Мансийск,07.03.2023,-12.4,-24.0
Ханты-Мансийск,08.03.2023,-17.8,-29.3
Ханты-Мансийск,09.03.2023,-3.0,-29.5
Ханты-Мансийск,10.03.2023,2.1,-9.4
Ханты-Мансийск,11.03.2023,2.0,-10.0
Ханты-Мансийск,12.03.2023,-1.4,-11.0
Ханты-Мансийск,13.03.2023,3.0,-7.4
Ханты-Мансийск,14.03.2023,1.0,-8.0
Ханты-Мансийск,15.03.2023,-1.0,-10.9
Ханты-Мансийск,16.03.2023,4.0,-5.6
Ханты-Мансийск,17.03.2023,4.4,-3.4
Ханты-Мансийск,18.03.2023,0.2,-15.6
Ханты-Мансийск,19.03.2023,-5.4,-16.8
Ханты-Мансийск,20.03.2023,1.2,-11.1
Ханты-Мансийск,21.03.2023,1.6,-11.8
Ханты-Мансийск,22.03.2023,5.0,-5.3
Ханты-Мансийск,23.03.2023,0.6,-3.2
Ханты-Мансийск,24.03.2023,5.0,-3.2
Ханты-Мансийск,25.03.2023,5.0,1.0
Ханты-Мансийск,26.03.2023,5.3,0.0
Ханты-Мансийск,27.03.2023,4.1,-3.0
Ханты-Мансийск,28.03.2023,7.0,-8.0
Ханты-Мансийск,29.03.2023,-2.6,-12.0
Ханты-Мансийск,30.03.2023,-4.0,-13.3
Ханты-Мансийск,31.03.2023,0.0,-13.7
Улан-Удэ,01.03.2023,-5.0,-19.0
Улан-Удэ,02.03.2023,3.0,-16.0
Улан-Удэ,03.03.2023,6.0,-16.0
Улан-Удэ,04.03.2023,4.0,-14.0
Улан-Удэ,05.03.2023,2.0,-19.0
Улан-Удэ,06.03.2023,-3.0,-20.0
Улан-Удэ,07.03.2023,3.0,-9.1
Улан-Удэ,08.03.2023,3.0,-8.0
Улан-Удэ,09.03.2023,3.0,-9.0
Улан-Удэ,10.03.2023,-6.9,-17.0
Улан-Удэ,11.03.2023,-5.0,-22.0
Улан-Удэ,12.03.2023,-5.0,-20.0
Улан-Удэ,13.03.2023,0.0,-10.0
Улан-Удэ,14.03.2023,-4.0,-19.0
Улан-Удэ,15.03.2023,-2.0,-21.0
Улан-Удэ,16.03.2023,-2.0,-19.0
Улан-Удэ,17.03.2023,2.0,-17.0
Улан-Удэ,18.03.2023,6.0,-14.0
Улан-Удэ,19.03.2023,8.0,-9.0
Улан-Удэ,20.03.2023,10.0,-9.0
Улан-Удэ,21.03.2023,-9.0,-14.0
Улан-Удэ,22.03.2023,-10.0,-14.3
Улан-Удэ,23.03.2023,-5.0,-17.0
Улан-Удэ,24.03.2023,-1.0,-17.0
Улан-Удэ,25.03.2023,3.0,-14.0
Улан-Удэ,26.03.2023,8.0,-6.0
Улан-Удэ,27.03.2023,13.0,-5.0
Улан-Удэ,28.03.2023,15.0,-2.0
Улан-Удэ,29.03.2023,15.0,-3.0
Улан-Удэ,30.03.2023,19.0,-3.0
Улан-Удэ,31.03.2023,7.0,-8.0
Калининград,01.03.2023,8.0,-3.0
Калининград,02.03.2023,7.0,-3.0
Калининград,03.03.2023,7.0,3.0
Калининград,04.03.2023,4.0,-1.0
Калининград,05.03.2023,2.0,-4.0
Калининград,06.03.2023,3.0,-4.0
Калининград,07.03.2023,2.0,-5.0
Калининград,08.03.2023,2.0,-8.0
Калининград,09.03.2023,2.0,-12.0
Калининград,10.03.2023,-1.0,-5.0
Калининград,11.03.2023,1.0,-3.0
Калининград,12.03.2023,2.0,-4.0
Калининград,13.03.2023,9.0,-5.0
Калининград,14.03.2023,12.0,2.0
Калининград,15.03.2023,6.0,-3.0
Калининград,16.03.2023,7.0,-4.0
Калининград,17.03.2023,8.0,-5.0
Калининград,18.03.2023,11.0,3.0
Калининград,19.03.2023,17.0,3.0
Калининград,20.03.2023,13.0,2.0
Калининград,21.03.2023,6.0,0.0
Калининград,22.03.2023,11.0,2.0
Калининград,23.03.2023,13.0,6.0
Калининград,24.03.2023,15.0,6.0
Калининград,25.03.2023,13.0,5.0
Калининград,26.03.2023,8.0,2.0
Калининград,27.03.2023,4.0,-4.0
Калининград,28.03.2023,2.0,-2.0
Калининград,29.03.2023,6.0,-5.0
Калининград,30.03.2023,11.0,4.0
Калининград,31.03.2023,11.0,5.0
Якутск,01.03.2023,-25.5,-41.1
Якутск,02.03.2023,-23.1,-41.4
Якутск,03.03.2023,-19.2,-30.5
Якутск,04.03.2023,-14.6,-30.7
Якутск,05.03.2023,-6.6,-26.2
Якутск,06.03.2023,-11.0,-27.9
Якутск,07.03.2023,-13.2,-29.0
Якутск,08.03.2023,-14.9,-32.4
Якутск,09.03.2023,-12.4,-32.9
Якутск,10.03.2023,-6.3,-23.6
Якутск,11.03.2023,-8.2,-16.1
Якутск,12.03.2023,-10.7,-30.1
Якутск,13.03.2023,-9.4,-30.4
Якутск,14.03.2023,-6.4,-25.3
Якутск,15.03.2023,-2.8,-21.7
Якутск,16.03.2023,-8.5,-25.5
Якутск,17.03.2023,-5.9,-26.2
Якутск,18.03.2023,0.0,-19.1
Якутск,19.03.2023,-12.7,-26.2
Якутск,20.03.2023,-16.8,-29.0
Якутск,21.03.2023,-19.5,-32.5
Якутск,22.03.2023,-18.1,-35.9
Якутск,23.03.2023,-6.8,-33.0
Якутск,24.03.2023,-10.5,-26.7
Якутск,25.03.2023,0.1,-20.2
Якутск,26.03.2023,-1.5,-19.8
Якутск,27.03.2023,1.6,-10.6
Якутск,28.03.2023,5.9,-4.8
Якутск,29.03.2023,-3.6,-13.0
Якутск,30.03.2023,1.2,-14.0
Якутск,31.03.2023,-1.8,-12.4
Ставрополь,01.03.2023,6.0,-2.0
Ставрополь,02.03.2023,1.0,-5.0
Ставрополь,03.03.2023,8.0,3.0
Ставрополь,04.03.2023,6.0,0.0
Ставрополь,05.03.2023,12.0,0.0
Ставрополь,06.03.2023,5.0,-3.0
Ставрополь,07.03.2023,10.0,-4.0
Ставрополь,08.03.2023,17.0,3.0
Ставрополь,09.03.2023,16.0,4.0
Ставрополь,10.03.2023,17.0,8.0
Ставрополь,11.03.2023,18.0,5.0
Ставрополь,12.03.2023,17.0,8.0
Ставрополь,13.03.2023,8.0,-1.0
Ставрополь,14.03.2023,7.0,-0.6
Ставрополь,15.03.2023,11.0,-1.0
Ставрополь,16.03.2023,15.0,4.0
Ставрополь,17.03.2023,11.0,5.0
Ставрополь,18.03.2023,11.0,6.0
Ставрополь,19.03.2023,12.0,6.0
Ставрополь,20.03.2023,15.0,3.0
Ставрополь,21.03.2023,9.0,7.0
Ставрополь,22.03.2023,14.0,5.0
Ставрополь,23.03.2023,16.0,4.0
Ставрополь,24.03.2023,13.0,5.0
Ставрополь,25.03.2023,16.0,5.0
Ставрополь,26.03.2023,13.0,5.0
Ставрополь,27.03.2023,13.0,5.0
Ставрополь,28.03.2023,16.0,3.0
Ставрополь,29.03.2023,11.0,0.0
Ставрополь,30.03.2023,5.0,-1.0
Ставрополь,31.03.2023,9.0,-2.0
Йошкар-Ола,01.03.2023,-4.5,-6.2
Йошкар-Ола,02.03.2023,-5.6,-9.6
Йошкар-Ола,03.03.2023,-1.5,-3.9
Йошкар-Ола,04.03.2023,1.9,-4.1
Йошкар-Ола,05.03.2023,0.1,-2.4
Йошкар-Ола,06.03.2023,-1.2,-5.8
Йошкар-Ола,07.03.2023,-0.5,-9.9
Йошкар-Ола,08.03.2023,-1.6,-8.2
Йошкар-Ола,09.03.2023,3.9,-9.0
Йошкар-Ола,10.03.2023,2.1,-4.3
Йошкар-Ола,11.03.2023,-1.6,-9.3
Йошкар-Ола,12.03.2023,5.5,-6.5
Йошкар-Ола,13.03.2023,4.9,-3.9
Йошкар-Ола,14.03.2023,3.2,-6.2
Йошкар-Ола,15.03.2023,6.7,0.1
Йошкар-Ола,16.03.2023,5.8,2.1
Йошкар-Ола,17.03.2023,2.7,-0.7
Йошкар-Ола,18.03.2023,-0.1,-6.9
Йошкар-Ола,19.03.2023,3.9,-10.6
Йошкар-Ола,20.03.2023,3.2,-1.2
Йошкар-Ола,21.03.2023,4.5,0.9
Йошкар-Ола,22.03.2023,6.0,0.5
Йошкар-Ола,23.03.2023,7.0,-2.1
Йошкар-Ола,24.03.2023,9.3,4.6
Йошкар-Ола,25.03.2023,8.5,4.4
Йошкар-Ола,26.03.2023,9.7,7.0
Йошкар-Ола,27.03.2023,11.1,5.0
Йошкар-Ола,28.03.2023,7.8,-1.7
Йошкар-Ола,29.03.2023,7.8,-1.8
Йошкар-Ола,30.03.2023,9.2,-0.2
Йошкар-Ола,31.03.2023,8.5,3.1
Кызыл,01.03.2023,-7.6,-21.2
Кызыл,02.03.2023,-7.6,-19.6
Кызыл,03.03.2023,-5.0,-14.0
Кызыл,04.03.2023,1.6,-15.0
Кызыл,05.03.2023,-2.0,-15.9
Кызыл,06.03.2023,-1.5,-13.7
Кызыл,07.03.2023,-1.0,-15.0
Кызыл,08.03.2023,1.0,-12.0
Кызыл,09.03.2023,1.3,-8.1
Кызыл,10.03.2023,-2.4,-13.9
Кызыл,11.03.2023,-2.1,-15.2
Кызыл,12.03.2023,-2.5,-9.4
Кызыл,13.03.2023,0.0,-10.8
Кызыл,14.03.2023,-3.0,-12.1
Кызыл,15.03.2023,1.7,-10.6
Кызыл,16.03.2023,3.9,-11.2
Кызыл,17.03.2023,5.0,-9.6
Кызыл,18.03.2023,5.0,-9.4
Кызыл,19.03.2023,4.6,-4.8
Кызыл,20.03.2023,0.5,-13.9
Кызыл,21.03.2023,-6.0,-15.2
Кызыл,22.03.2023,-4.5,-18.8
Кызыл,23.03.2023,-2.0,-17.9
Кызыл,24.03.2023,0.5,-16.5
Кызыл,25.03.2023,5.3,-8.6
Кызыл,26.03.2023,10.3,-8.0
Кызыл,27.03.2023,11.0,-5.4
Кызыл,28.03.2023,11.5,-3.3
Кызыл,29.03.2023,15.0,-4.0
Кызыл,30.03.2023,15.6,-4.3
Кызыл,31.03.2023,-1.0,-9.7
Саранск,01.03.2023,-3.0,-10.0
Саранск,02.03.2023,-3.9,-10.5
Саранск,03.03.2023,0.1,-3.0
Саранск,04.03.2023,1.0,-3.9
Саранск,05.03.2023,0.0,-4.0
Саранск,06.03.2023,-1.0,-9.0
Саранск,07.03.2023,-2.0,-10.4
Саранск,08.03.2023,2.0,-7.3
Саранск,09.03.2023,3.0,0.4
Саранск,10.03.2023,4.0,-3.0
Саранск,11.03.2023,1.0,-4.9
Саранск,12.03.2023,6.0,-0.5
Саранск,13.03.2023,2.0,-4.0
Саранск,14.03.2023,2.0,-5.8
Саранск,15.03.2023,5.0,-1.0
Саранск,16.03.2023,7.2,1.8
Саранск,17.03.2023,6.0,-0.1
Саранск,18.03.2023,1.0,-3.0
Саранск,19.03.2023,2.4,-4.2
Саранск,20.03.2023,11.0,0.0
Саранск,21.03.2023,8.3,0.0
Саранск,22.03.2023,6.0,0.0
Саранск,23.03.2023,11.0,1.4
Саранск,24.03.2023,12.0,3.0
Саранск,25.03.2023,14.0,4.6
Саранск,26.03.2023,17.0,6.9
Саранск,27.03.2023,11.0,4.0
Саранск,28.03.2023,13.0,0.9
Саранск,29.03.2023,11.0,1.3
Саранск,30.03.2023,9.0,3.9
Саранск,31.03.2023,6.0,1.9
Благовещенск,01.03.2023,-3.3,-14.1
Благовещенск,02.03.2023,-4.0,-13.3
Благовещенск,03.03.2023,-1.6,-12.2
Благовещенск,04.03.2023,9.2,-12.8
Благовещенск,05.03.2023,10.4,-3.1
Благовещенск,06.03.2023,5.1,-6.4
Благовещенск,07.03.2023,-0.5,-10.1
Благовещенск,08.03.2023,0.0,-12.6
Благовещенск,09.03.2023,-1.8,-6.5
Благовещенск,10.03.2023,0.5,-5.8
Благовещенск,11.03.2023,-1.9,-11.2
Благовещенск,12.03.2023,-6.8,-16.8
Благовещенск,13.03.2023,-4.7,-17.7
Благовещенск,14.03.2023,-0.3,-14.3
Благовещенск,15.03.2023,-0.8,-11.3
Благовещенск,16.03.2023,-2.3,-10.7
Благовещенск,17.03.2023,2.0,-11.3
Благовещенск,18.03.2023,7.1,-6.0
Благовещенск,19.03.2023,12.6,0.1
Благовещенск,20.03.2023,13.0,-1.5
Благовещенск,21.03.2023,7.5,-2.9
Благовещенск,22.03.2023,4.3,-4.4
Благовещенск,23.03.2023,-1.8,-10.7
Благовещенск,24.03.2023,-0.8,-11.1
Благовещенск,25.03.2023,5.4,-11.1
Благовещенск,26.03.2023,9.0,-7.2
Благовещенск,27.03.2023,9.8,-4.4
Благовещенск,28.03.2023,11.7,-2.7
Благовещенск,29.03.2023,14.3,-1.0
Благовещенск,30.03.2023,10.4,-3.3
Благовещенск,31.03.2023,16.8,-4.5
Чебоксары,01.03.2023,-4.0,-6.0
Чебоксары,02.03.2023,-5.0,-12.0
Чебоксары,03.03.2023,-2.0,-6.0
Чебоксары,04.03.2023,0.0,-3.0
Чебоксары,05.03.2023,0.0,-4.0
Чебоксары,06.03.2023,-1.0,-5.0
Чебоксары,07.03.2023,-2.0,-9.0
Чебоксары,08.03.2023,0.0,-8.0
Чебоксары,09.03.2023,2.0,0.0
Чебоксары,10.03.2023,2.0,-4.0
Чебоксары,11.03.2023,-2.0,-8.0
Чебоксары,12.03.2023,4.0,-3.0
Чебоксары,13.03.2023,3.0,-6.0
Чебоксары,14.03.2023,2.0,-8.0
Чебоксары,15.03.2023,5.0,1.0
Чебоксары,16.03.2023,3.0,1.0
Чебоксары,17.03.2023,2.0,-2.0
Чебоксары,18.03.2023,-1.0,-6.0
Чебоксары,19.03.2023,1.0,-8.0
Чебоксары,20.03.2023,2.0,-1.0
Чебоксары,21.03.2023,4.0,1.0
Чебоксары,22.03.2023,5.0,-2.0
Чебоксары,23.03.2023,5.0,-2.0
Чебоксары,24.03.2023,8.0,3.0
Чебоксары,25.03.2023,7.0,2.0
Чебоксары,26.03.2023,11.0,5.0
Чебоксары,27.03.2023,11.0,3.0
Чебоксары,28.03.2023,9.0,-2.0
Чебоксары,29.03.2023,5.0,-2.0
Чебоксары,30.03.2023,8.0,2.0
Чебоксары,31.03.2023,5.0,2.0
Екатеринбург,01.03.2023,-3.0,-9.0
Екатеринбург,02.03.2023,-5.4,-12.0
Екатеринбург,03.03.2023,-9.8,-21.0
Екатеринбург,04.03.2023,-1.9,-21.0
Екатеринбург,05.03.2023,0.0,-4.2
Екатеринбург,06.03.2023,-0.1,-6.0
Екатеринбург,07.03.2023,-1.0,-13.0
Екатеринбург,08.03.2023,-1.9,-10.0
Екатеринбург,09.03.2023,3.0,-7.0
Екатеринбург,10.03.2023,7.0,1.8
Екатеринбург,11.03.2023,4.0,-8.0
Екатеринбург,12.03.2023,2.1,-10.0
Екатеринбург,13.03.2023,6.1,-4.5
Екатеринбург,14.03.2023,0.8,-8.0
Екатеринбург,15.03.2023,2.0,-7.0
Екатеринбург,16.03.2023,7.3,-4.0
Екатеринбург,17.03.2023,12.6,-1.0
Екатеринбург,18.03.2023,4.6,-10.0
Екатеринбург,19.03.2023,1.5,-12.0
Екатеринбург,20.03.2023,2.8,-7.0
Екатеринбург,21.03.2023,7.0,-2.2
Екатеринбург,22.03.2023,11.0,-1.0
Екатеринбург,23.03.2023,5.6,-3.0
Екатеринбург,24.03.2023,11.0,2.3
Екатеринбург,25.03.2023,13.0,3.0
Екатеринбург,26.03.2023,8.0,3.0
Екатеринбург,27.03.2023,18.0,5.0
Екатеринбург,28.03.2023,17.0,1.0
Екатеринбург,29.03.2023,4.0,-9.0
Екатеринбург,30.03.2023,6.0,-9.0
Екатеринбург,31.03.2023,7.4,-3.1
Салехард,01.03.2023,-17.7,-33.0
Салехард,02.03.2023,-19.4,-31.9
Салехард,03.03.2023,-20.1,-33.5
Салехард,04.03.2023,-21.4,-34.7
Салехард,05.03.2023,-20.6,-37.0
Салехард,06.03.2023,-19.1,-34.5
Салехард,07.03.2023,-19.1,-32.8
Салехард,08.03.2023,-20.2,-35.4
Салехард,09.03.2023,-14.1,-25.6
Салехард,10.03.2023,-7.1,-18.5
Салехард,11.03.2023,-8.9,-24.4
Салехард,12.03.2023,-4.7,-14.3
Салехард,13.03.2023,3.3,-8.6
Салехард,14.03.2023,2.9,-8.2
Салехард,15.03.2023,-1.9,-10.1
Салехард,16.03.2023,1.7,-3.1
Салехард,17.03.2023,-2.6,-15.9
Салехард,18.03.2023,-11.8,-26.6
Салехард,19.03.2023,-4.7,-18.8
Салехард,20.03.2023,-1.6,-6.9
Салехард,21.03.2023,0.0,-6.5
Салехард,22.03.2023,-5.7,-13.1
Салехард,23.03.2023,-3.5,-17.6
Салехард,24.03.2023,-9.8,-23.5
Салехард,25.03.2023,-4.5,-18.0
Салехард,26.03.2023,-4.9,-18.7
Салехард,27.03.2023,-5.4,-14.8
Салехард,28.03.2023,-11.2,-23.6
Салехард,29.03.2023,-5.2,-25.7
Салехард,30.03.2023,-3.2,-20.7
Салехард,31.03.2023,-1.8,-15.5
Абакан,01.03.2023,8.0,-6.0
Абакан,02.03.2023,6.0,-4.0
Абакан,03.03.2023,11.0,0.0
Абакан,04.03.2023,0.0,-6.0
Абакан,05.03.2023,-1.0,-8.0
Абакан,06.03.2023,2.0,-6.0
Абакан,07.03.2023,5.0,-4.0
Абакан,08.03.2023,9.0,-1.0
Абакан,09.03.2023,0.0,-10.0
Абакан,10.03.2023,-3.0,-12.0
Абакан,11.03.2023,1.0,-12.0
Абакан,12.03.2023,9.0,-4.0
Абакан,13.03.2023,2.0,-4.0
Абакан,14.03.2023,5.0,-7.0
Абакан,15.03.2023,7.0,-7.0
Абакан,16.03.2023,9.0,-7.0
Абакан,17.03.2023,9.0,-6.0
Абакан,18.03.2023,11.0,-6.0
Абакан,19.03.2023,11.0,-10.0
Абакан,20.03.2023,-6.0,-13.0
Абакан,21.03.2023,-5.0,-15.0
Абакан,22.03.2023,-2.0,-15.0
Абакан,23.03.2023,4.0,-13.0
Абакан,24.03.2023,8.0,-7.0
Абакан,25.03.2023,12.0,-6.0
Абакан,26.03.2023,13.0,-1.0
Абакан,27.03.2023,17.0,0.0
Абакан,28.03.2023,15.0,0.0
Абакан,29.03.2023,19.0,-1.0
Абакан,30.03.2023,14.0,-6.0
Абакан,31.03.2023,-3.0,-12.0
Тула,01.03.2023,-1.5,-7.2
Тула,02.03.2023,-0.2,-6.3
Тула,03.03.2023,2.3,-3.1
Тула,04.03.2023,1.0,-4.4
Тула,05.03.2023,-1.0,-4.2
Тула,06.03.2023,-0.2,-5.2
Тула,07.03.2023,0.4,-7.2
Тула,08.03.2023,1.5,-4.9
Тула,09.03.2023,2.6,-3.6
Тула,10.03.2023,-1.7,-8.9
Тула,11.03.2023,1.8,-9.0
Тула,12.03.2023,6.2,-2.9
Тула,13.03.2023,0.0,-7.8
Тула,14.03.2023,5.6,-3.9
Тула,15.03.2023,6.4,1.7
Тула,16.03.2023,2.6,0.9
Тула,17.03.2023,4.0,-1.2
Тула,18.03.2023,2.8,-4.5
Тула,19.03.2023,3.5,-6.5
Тула,20.03.2023,3.2,-0.3
Тула,21.03.2023,9.3,-0.4
Тула,22.03.2023,7.8,3.0
Тула,23.03.2023,12.3,0.9
Тула,24.03.2023,10.6,4.6
Тула,25.03.2023,16.2,-0.2
Тула,26.03.2023,8.6,5.1
Тула,27.03.2023,11.1,0.9
Тула,28.03.2023,12.3,-2.5
Тула,29.03.2023,8.7,5.1
Тула,30.03.2023,5.5,0.3
Тула,31.03.2023,1.5,-0.3
Самара,01.03.2023,-2.0,-7.0
Самара,02.03.2023,-3.0,-9.3
Самара,03.03.2023,-1.0,-6.0
Самара,04.03.2023,0.1,-4.0
Самара,05.03.2023,1.4,-4.0
Самара,06.03.2023,1.0,-5.0
Самара,07.03.2023,0.0,-8.0
Самара,08.03.2023,2.0,-8.0
Самара,09.03.2023,3.0,0.0
Самара,10.03.2023,6.0,-2.0
Самара,11.03.2023,1.0,-5.0
Самара,12.03.2023,7.0,-3.0
Самара,13.03.2023,6.0,-3.0
Самара,14.03.2023,3.0,-4.0
Самара,15.03.2023,6.0,0.0
Самара,16.03.2023,7.0,0.0
Самара,17.03.2023,11.0,1.0
Самара,18.03.2023,3.1,-1.0
Самара,19.03.2023,2.0,-3.0
Самара,20.03.2023,1.0,0.0
Самара,21.03.2023,12.0,-2.0
Самара,22.03.2023,12.0,2.0
Самара,23.03.2023,11.0,-2.0
Самара,24.03.2023,14.0,3.0
Самара,25.03.2023,14.0,7.0
Самара,26.03.2023,19.0,8.0
Самара,27.03.2023,17.0,7.0
Самара,28.03.2023,13.4,3.0
Самара,29.03.2023,11.0,1.0
Самара,30.03.2023,13.0,3.0
Самара,31.03.2023,6.1,1.0
Псков,01.03.2023,4.0,-3.2
Псков,02.03.2023,4.9,-3.0
Псков,03.03.2023,3.4,0.0
Псков,04.03.2023,2.4,-1.0
Псков,05.03.2023,-0.2,-3.0
Псков,06.03.2023,0.8,-7.0
Псков,07.03.2023,1.0,-10.6
Псков,08.03.2023,1.2,-4.0
Псков,09.03.2023,-2.0,-20.0
Псков,10.03.2023,-1.0,-25.0
Псков,11.03.2023,-1.0,-9.0
Псков,12.03.2023,-0.5,-5.4
Псков,13.03.2023,3.6,-6.0
Псков,14.03.2023,6.1,-1.0
Псков,15.03.2023,5.6,-2.0
Псков,16.03.2023,4.5,-7.0
Псков,17.03.2023,6.7,-9.0
Псков,18.03.2023,8.2,-2.7
Псков,19.03.2023,6.9,1.6
Псков,20.03.2023,10.2,1.8
Псков,21.03.2023,5.0,-3.0
Псков,22.03.2023,6.0,-4.4
Псков,23.03.2023,10.0,5.0
Псков,24.03.2023,12.0,5.8
Псков,25.03.2023,10.4,2.0
Псков,26.03.2023,10.7,1.0
Псков,27.03.2023,6.0,1.0
Псков,28.03.2023,0.0,-2.3
Псков,29.03.2023,0.1,-6.0
Псков,30.03.2023,2.0,-9.0
Псков,31.03.2023,7.3,-1.0
Саратов,24.03.2023,15.6,3.5
Саратов,25.03.2023,18.6,5.5
Саратов,26.03.2023,18.8,8.2
Саратов,27.03.2023,16.1,8.4
Саратов,28.03.2023,15.3,4.8
Саратов,29.03.2023,12.3,4.9
Саратов,30.03.2023,11.7,4.2
Саратов,31.03.2023,4.2,0.7
Томск,01.03.2023,0.5,-3.3
Томск,02.03.2023,2.9,-1.4
Томск,03.03.2023,1.1,-8.4
Томск,04.03.2023,-5.7,-10.3
Томск,05.03.2023,-2.4,-11.0
Томск,06.03.2023,-2.1,-8.8
Томск,07.03.2023,1.1,-5.9
Томск,08.03.2023,-2.3,-12.9
Томск,09.03.2023,-9.7,-21.4
Томск,10.03.2023,-1.5,-22.4
Томск,11.03.2023,4.1,-7.1
Томск,12.03.2023,1.6,-9.6
Томск,13.03.2023,1.5,-11.5
Томск,14.03.2023,4.7,-8.9
Томск,15.03.2023,9.4,-12.4
Томск,16.03.2023,6.5,-8.4
Томск,17.03.2023,3.6,-7.5
Томск,18.03.2023,6.7,-9.8
Томск,19.03.2023,-2.4,-18.1
Томск,20.03.2023,-7.8,-19.3
Томск,21.03.2023,-4.1,-12.3
Томск,22.03.2023,-0.5,-15.9
Томск,23.03.2023,1.4,-8.1
Томск,24.03.2023,4.3,-3.5
Томск,25.03.2023,6.8,-3.7
Томск,26.03.2023,9.2,-0.4
Томск,27.03.2023,4.3,-0.3
Томск,28.03.2023,7.2,-0.5
Томск,29.03.2023,12.5,-4.0
Томск,30.03.2023,-2.0,-7.1
Томск,31.03.2023,-7.0,-11.7
Великий Новгород,01.03.2023,0.7,-6.5
Великий Новгород,02.03.2023,3.3,-11.8
Великий Новгород,03.03.2023,2.4,-0.5
Великий Новгород,04.03.2023,0.5,-2.2
Великий Новгород,05.03.2023,3.0,-5.9
Великий Новгород,06.03.2023,-1.4,-7.0
Великий Новгород,07.03.2023,-0.8,-7.5
Великий Новгород,08.03.2023,0.2,-7.4
Великий Новгород,09.03.2023,-1.5,-11.1
Великий Новгород,10.03.2023,-6.5,-23.1
Великий Новгород,11.03.2023,-1.8,-19.7
Великий Новгород,12.03.2023,-1.0,-7.1
Великий Новгород,13.03.2023,1.7,-10.3
Великий Новгород,14.03.2023,4.1,-5.4
Великий Новгород,15.03.2023,5.6,-0.1
Великий Новгород,16.03.2023,4.3,-3.0
Великий Новгород,17.03.2023,3.0,-11.4
Великий Новгород,18.03.2023,4.9,-5.1
Великий Новгород,19.03.2023,3.6,-1.2
Великий Новгород,20.03.2023,5.2,0.8
Великий Новгород,21.03.2023,5.4,-2.1
Великий Новгород,22.03.2023,3.4,-6.6
Великий Новгород,23.03.2023,6.4,1.7
Великий Новгород,24.03.2023,6.8,1.8
Великий Новгород,25.03.2023,9.7,0.7
Великий Новгород,26.03.2023,4.9,-1.5
Великий Новгород,27.03.2023,3.7,1.7
Великий Новгород,28.03.2023,3.4,-2.2
Великий Новгород,29.03.2023,0.1,-3.5
Великий Новгород,30.03.2023,1.3,-5.5
Великий Новгород,31.03.2023,3.9,-3.0
Магадан,01.03.2023,-17.1,-32.0
Магадан,02.03.2023,-19.4,-41.0
Магадан,03.03.2023,-19.8,-39.0
Магадан,04.03.2023,-19.0,-39.0
Магадан,05.03.2023,-15.8,-29.0
Магадан,06.03.2023,-11.0,-32.0
Магадан,07.03.2023,-11.4,-34.0
Магадан,08.03.2023,-12.0,-34.0
Магадан,09.03.2023,-11.0,-33.0
Магадан,10.03.2023,-9.0,-31.0
Магадан,11.03.2023,-6.0,-22.0
Магадан,12.03.2023,-10.0,-13.2
Магадан,13.03.2023,-4.0,-10.6
Магадан,14.03.2023,-2.0,-5.3
Магадан,15.03.2023,-1.5,-3.0
Магадан,16.03.2023,0.0,-2.0
Магадан,17.03.2023,0.0,-7.1
Магадан,18.03.2023,-4.4,-12.1
Магадан,19.03.2023,-7.0,-12.0
Магадан,20.03.2023,-4.0,-23.0
Магадан,21.03.2023,-8.0,-31.0
Магадан,22.03.2023,-9.6,-31.0
Магадан,23.03.2023,-13.3,-38.0
Магадан,24.03.2023,-11.0,-36.0
Магадан,25.03.2023,-10.9,-32.0
Магадан,26.03.2023,-8.0,-29.0
Магадан,27.03.2023,-4.0,-28.0
Магадан,28.03.2023,-4.0,-21.0
Магадан,29.03.2023,-6.0,-20.0
Магадан,30.03.2023,-1.0,-17.0
Магадан,31.03.2023,0.0,-5.0
Элиста,01.03.2023,5.0,0.0
Элиста,02.03.2023,2.0,-2.0
Элиста,03.03.2023,5.0,-1.0
Элиста,04.03.2023,7.0,-0.4
Элиста,05.03.2023,8.0,0.5
Элиста,06.03.2023,6.0,-1.0
Элиста,07.03.2023,8.3,-3.0
Элиста,08.03.2023,12.0,0.9
Элиста,09.03.2023,15.0,1.4
Элиста,10.03.2023,17.0,3.5
Элиста,11.03.2023,16.0,5.0
Элиста,12.03.2023,11.0,4.7
Элиста,13.03.2023,9.0,1.0
Элиста,14.03.2023,8.0,-1.4
Элиста,15.03.2023,14.0,-0.9
Элиста,16.03.2023,16.0,3.7
Элиста,17.03.2023,14.0,4.0
Элиста,18.03.2023,15.0,5.0
Элиста,19.03.2023,16.0,5.0
Элиста,20.03.2023,18.0,2.0
Элиста,21.03.2023,13.0,3.0
Элиста,22.03.2023,17.0,6.0
Элиста,23.03.2023,18.0,7.0
Элиста,24.03.2023,19.0,7.0
Элиста,25.03.2023,19.0,5.6
Элиста,26.03.2023,15.0,7.0
Элиста,27.03.2023,16.0,5.4
Элиста,28.03.2023,16.0,4.7
Элиста,29.03.2023,16.0,6.7
Элиста,30.03.2023,10.0,0.0
Элиста,31.03.2023,10.0,-2.2
Иваново,01.03.2023,-3.1,-8.9
Иваново,02.03.2023,-2.8,-6.0
Иваново,03.03.2023,0.6,-3.5
Иваново,04.03.2023,2.3,-4.1
Иваново,05.03.2023,-0.9,-6.7
Иваново,06.03.2023,0.9,-7.6
Иваново,07.03.2023,-0.5,-8.8
Иваново,08.03.2023,-0.9,-7.8
Иваново,09.03.2023,0.5,-6.6
Иваново,10.03.2023,-4.0,-15.5
Иваново,11.03.2023,-2.2,-22.9
Иваново,12.03.2023,5.2,-3.9
Иваново,13.03.2023,-1.2,-6.1
Иваново,14.03.2023,4.0,-10.2
Иваново,15.03.2023,9.3,2.8
Иваново,16.03.2023,2.6,0.1
Иваново,17.03.2023,2.2,-7.4
Иваново,18.03.2023,3.3,-12.0
Иваново,19.03.2023,5.1,-10.0
Иваново,20.03.2023,6.0,-11.1
Иваново,21.03.2023,5.9,-2.3
Иваново,22.03.2023,6.1,-0.3
Иваново,23.03.2023,9.0,-0.9
Иваново,24.03.2023,6.3,4.2
Иваново,25.03.2023,7.1,2.1
Иваново,26.03.2023,6.5,1.3
Иваново,27.03.2023,8.2,3.1
Иваново,28.03.2023,8.6,2.5
Иваново,29.03.2023,8.7,1.8
Иваново,30.03.2023,7.9,1.2
Иваново,31.03.2023,3.0,0.7
Нальчик,01.03.2023,10.4,4.0
Нальчик,02.03.2023,4.4,0.6
Нальчик,03.03.2023,8.3,1.0
Нальчик,04.03.2023,9.2,-1.0
Нальчик,05.03.2023,11.1,3.0
Нальчик,06.03.2023,7.0,1.0
Нальчик,07.03.2023,10.0,-0.1
Нальчик,08.03.2023,14.4,-0.6
Нальчик,09.03.2023,15.0,0.3
Нальчик,10.03.2023,18.2,3.2
Нальчик,11.03.2023,19.0,2.9
Нальчик,12.03.2023,16.5,1.9
Нальчик,13.03.2023,10.3,0.7
Нальчик,14.03.2023,5.4,0.6
Нальчик,15.03.2023,4.0,-1.0
Нальчик,16.03.2023,13.1,-1.0
Нальчик,17.03.2023,13.5,4.8
Нальчик,18.03.2023,13.0,8.5
Нальчик,19.03.2023,13.0,7.8
Нальчик,20.03.2023,12.0,4.8
Нальчик,21.03.2023,13.1,6.9
Нальчик,22.03.2023,13.0,8.0
Нальчик,23.03.2023,16.5,8.0
Нальчик,24.03.2023,16.0,6.3
Нальчик,25.03.2023,16.0,8.0
Нальчик,26.03.2023,17.1,5.0
Нальчик,27.03.2023,18.0,8.8
Нальчик,28.03.2023,17.4,6.0
Нальчик,29.03.2023,14.0,5.9
Нальчик,30.03.2023,6.0,1.0
Нальчик,31.03.2023,9.0,2.0
Тамбов,01.03.2023,-1.7,-7.0
Тамбов,02.03.2023,-2.2,-7.2
Тамбов,03.03.2023,2.6,-0.5
Тамбов,04.03.2023,2.1,-1.6
Тамбов,05.03.2023,-0.7,-2.2
Тамбов,06.03.2023,0.2,-5.9
Тамбов,07.03.2023,0.3,-9.9
Тамбов,08.03.2023,3.0,-5.3
Тамбов,09.03.2023,6.6,1.6
Тамбов,10.03.2023,4.7,-4.8
Тамбов,11.03.2023,3.6,-5.9
Тамбов,12.03.2023,9.5,0.5
Тамбов,13.03.2023,2.4,-1.9
Тамбов,14.03.2023,4.6,-4.0
Тамбов,15.03.2023,5.7,-0.4
Тамбов,16.03.2023,10.6,3.1
Тамбов,17.03.2023,4.7,0.6
Тамбов,18.03.2023,4.1,-1.0
Тамбов,19.03.2023,3.4,-0.3
Тамбов,20.03.2023,7.0,-1.7
Тамбов,21.03.2023,6.2,0.4
Тамбов,22.03.2023,10.5,-1.5
Тамбов,23.03.2023,13.7,-1.3
Тамбов,24.03.2023,11.4,6.4
Тамбов,25.03.2023,13.2,2.5
Тамбов,26.03.2023,15.7,6.1
Тамбов,27.03.2023,11.8,4.2
Тамбов,28.03.2023,14.6,-1.9
Тамбов,29.03.2023,10.6,6.0
Тамбов,30.03.2023,9.7,4.4
Тамбов,31.03.2023,4.1,0.5
Уфа,01.03.2023,-4.0,-8.0
Уфа,02.03.2023,-5.0,-9.0
Уфа,03.03.2023,-5.0,-11.0
Уфа,04.03.2023,0.0,-6.0
Уфа,05.03.2023,1.0,-3.0
Уфа,06.03.2023,-1.0,-7.0
Уфа,07.03.2023,-2.0,-13.6
Уфа,08.03.2023,1.0,-11.0
Уфа,09.03.2023,3.0,1.0
Уфа,10.03.2023,4.0,2.0
Уфа,11.03.2023,2.0,-11.0
Уфа,12.03.2023,4.0,-12.0
Уфа,13.03.2023,5.0,-2.0
Уфа,14.03.2023,0.0,-6.0
Уфа,15.03.2023,2.0,-7.0
Уфа,16.03.2023,4.0,-8.0
Уфа,17.03.2023,7.0,-5.0
Уфа,18.03.2023,2.0,-3.0
Уфа,19.03.2023,2.0,-4.0
Уфа,20.03.2023,0.0,-3.0
Уфа,21.03.2023,4.0,-4.0
Уфа,22.03.2023,4.0,-1.0
Уфа,23.03.2023,5.0,-4.0
Уфа,24.03.2023,9.0,2.0
Уфа,25.03.2023,7.0,1.0
Уфа,26.03.2023,9.0,3.0
Уфа,27.03.2023,15.0,1.1
Уфа,28.03.2023,8.0,1.0
Уфа,29.03.2023,9.0,-3.0
Уфа,30.03.2023,11.0,-4.0
Уфа,31.03.2023,13.0,1.0
Липецк,01.03.2023,-1.0,-7.1
Липецк,02.03.2023,-1.0,-7.8
Липецк,03.03.2023,3.1,-1.0
Липецк,04.03.2023,2.5,-2.5
Липецк,05.03.2023,0.0,-3.0
Липецк,06.03.2023,1.0,-9.0
Липецк,07.03.2023,11.0,-9.5
Липецк,08.03.2023,4.0,-3.0
Липецк,09.03.2023,8.1,-1.0
Липецк,10.03.2023,4.2,-4.0
Липецк,11.03.2023,7.0,-4.1
Липецк,12.03.2023,9.1,-2.0
Липецк,13.03.2023,1.3,-4.0
Липецк,14.03.2023,6.1,-3.0
Липецк,15.03.2023,8.5,0.0
Липецк,16.03.2023,6.0,1.0
Липецк,17.03.2023,2.0,0.0
Липецк,18.03.2023,4.0,-1.3
Липецк,19.03.2023,2.0,-1.0
Липецк,20.03.2023,3.0,0.0
Липецк,21.03.2023,8.0,0.0
Липецк,22.03.2023,10.0,0.4
Липецк,23.03.2023,16.0,1.5
Липецк,24.03.2023,13.0,1.0
Липецк,25.03.2023,14.4,0.0
Липецк,26.03.2023,14.0,5.0
Липецк,27.03.2023,13.3,1.0
Липецк,28.03.2023,14.6,-0.5
Липецк,29.03.2023,8.5,5.9
Липецк,30.03.2023,7.1,3.0
Липецк,31.03.2023,3.0,0.0
Омск,01.03.2023,2.0,-1.1
Омск,02.03.2023,0.0,-10.0
Омск,03.03.2023,-7.0,-14.0
Омск,04.03.2023,-3.0,-15.0
Омск,05.03.2023,-1.0,-6.0
Омск,06.03.2023,2.0,-8.0
Омск,07.03.2023,-1.1,-11.0
Омск,08.03.2023,-2.0,-10.0
Омск,09.03.2023,0.0,-9.6
Омск,10.03.2023,-2.0,-7.0
Омск,11.03.2023,2.0,-5.0
Омск,12.03.2023,-1.0,-14.0
Омск,13.03.2023,-2.0,-15.0
Омск,14.03.2023,0.0,-11.0
Омск,15.03.2023,-1.0,-6.0
Омск,16.03.2023,-2.0,-10.0
Омск,17.03.2023,-1.0,-13.1
Омск,18.03.2023,2.0,-12.0
Омск,19.03.2023,-7.0,-16.0
Омск,20.03.2023,-5.0,-15.0
Омск,21.03.2023,-4.0,-14.0
Омск,22.03.2023,2.0,-4.0
Омск,23.03.2023,3.3,-8.0
Омск,24.03.2023,3.0,-8.0
Омск,25.03.2023,5.0,-3.0
Омск,26.03.2023,6.0,1.0
Омск,27.03.2023,7.0,0.0
Омск,28.03.2023,9.0,2.0
Омск,29.03.2023,8.0,-5.0
Омск,30.03.2023,-1.0,-7.0
Омск,31.03.2023,2.0,-6.0
Барнаул,01.03.2023,1.0,-2.0
Барнаул,02.03.2023,5.0,0.0
Барнаул,03.03.2023,1.4,-8.0
Барнаул,04.03.2023,-5.3,-9.0
Барнаул,05.03.2023,-2.0,-9.0
Барнаул,06.03.2023,0.0,-6.0
Барнаул,07.03.2023,5.0,-1.5
Барнаул,08.03.2023,5.5,-5.0
Барнаул,09.03.2023,-3.0,-7.0
Барнаул,10.03.2023,3.9,-8.0
Барнаул,11.03.2023,7.0,-5.3
Барнаул,12.03.2023,2.0,-8.0
Барнаул,13.03.2023,0.0,-9.0
Барнаул,14.03.2023,1.0,-7.0
Барнаул,15.03.2023,8.0,-5.0
Барнаул,16.03.2023,0.0,-4.0
Барнаул,17.03.2023,4.0,-5.0
Барнаул,18.03.2023,5.0,-6.0
Барнаул,19.03.2023,-1.0,-18.0
Барнаул,20.03.2023,-8.0,-18.0
Барнаул,21.03.2023,-4.0,-12.0
Барнаул,22.03.2023,-3.0,-11.0
Барнаул,23.03.2023,1.0,-8.0
Барнаул,24.03.2023,1.0,-4.0
Барнаул,25.03.2023,5.0,-4.0
Барнаул,26.03.2023,9.0,0.0
Барнаул,27.03.2023,8.5,2.0
Барнаул,28.03.2023,9.9,1.7
Барнаул,29.03.2023,12.0,1.0
Барнаул,30.03.2023,1.8,-8.0
Барнаул,31.03.2023,-3.0,-9.0
Оренбург,01.03.2023,-2.0,-12.0
Оренбург,02.03.2023,-6.0,-16.0
Оренбург,03.03.2023,-2.0,-6.0
Оренбург,04.03.2023,0.0,-3.0
Оренбург,05.03.2023,3.0,-2.0
Оренбург,06.03.2023,1.0,-7.0
Оренбург,07.03.2023,-2.0,-16.0
Оренбург,08.03.2023,2.0,-15.0
Оренбург,09.03.2023,3.0,-2.0
Оренбург,10.03.2023,4.0,0.0
Оренбург,11.03.2023,3.0,-6.0
Оренбург,12.03.2023,2.0,-8.0
Оренбург,13.03.2023,3.0,0.0
Оренбург,14.03.2023,0.0,-11.0
Оренбург,15.03.2023,3.0,-12.0
Оренбург,16.03.2023,2.0,-9.0
Оренбург,17.03.2023,5.0,-6.0
Оренбург,18.03.2023,5.0,-4.0
Оренбург,19.03.2023,1.0,-7.0
Оренбург,20.03.2023,0.0,-8.0
Оренбург,21.03.2023,5.0,-7.0
Оренбург,22.03.2023,11.0,-5.0
Оренбург,23.03.2023,8.0,-1.0
Оренбург,24.03.2023,16.0,1.0
Оренбург,25.03.2023,11.0,0.0
Оренбург,26.03.2023,18.0,-1.0
Оренбург,27.03.2023,21.0,2.0
Оренбург,28.03.2023,16.0,3.0
Оренбург,29.03.2023,12.0,1.0
Оренбург,30.03.2023,9.0,0.0
Оренбург,31.03.2023,11.0,2.0
Мурманск,01.03.2023,-0.1,-6.0
Мурманск,02.03.2023,1.0,-5.3
Мурманск,03.03.2023,-2.0,-5.0
Мурманск,04.03.2023,-0.1,-15.0
Мурманск,05.03.2023,-4.0,-17.0
Мурманск,06.03.2023,-7.0,-25.0
Мурманск,07.03.2023,-10.0,-29.0
Мурманск,08.03.2023,-11.0,-30.0
Мурманск,09.03.2023,-8.6,-19.0
Мурманск,10.03.2023,-6.8,-19.0
Мурманск,11.03.2023,-4.0,-25.0
Мурманск,12.03.2023,-6.8,-20.0
Мурманск,13.03.2023,-4.8,-9.0
Мурманск,14.03.2023,-3.9,-21.0
Мурманск,15.03.2023,-1.9,-9.0
Мурманск,16.03.2023,-1.6,-11.0
Мурманск,17.03.2023,-4.0,-24.0
Мурманск,18.03.2023,-2.8,-27.0
Мурманск,19.03.2023,0.6,-12.0
Мурманск,20.03.2023,-2.0,-10.0
Мурманск,21.03.2023,0.0,-17.0
Мурманск,22.03.2023,-4.0,-19.0
Мурманск,23.03.2023,-5.0,-28.0
Мурманск,24.03.2023,-6.0,-31.0
Мурманск,25.03.2023,-6.1,-30.0
Мурманск,26.03.2023,-4.0,-22.0
Мурманск,27.03.2023,-2.7,-25.0
Мурманск,28.03.2023,-2.0,-25.0
Мурманск,29.03.2023,-2.6,-17.0
Мурманск,30.03.2023,0.0,-13.0
Мурманск,31.03.2023,-3.9,-23.0
Сыктывкар,01.03.2023,-7.0,-18.0
Сыктывкар,02.03.2023,-13.0,-23.0
Сыктывкар,03.03.2023,-9.0,-19.0
Сыктывкар,04.03.2023,-7.0,-19.0
Сыктывкар,05.03.2023,-8.0,-20.0
Сыктывкар,06.03.2023,-8.0,-22.0
Сыктывкар,07.03.2023,-6.0,-23.0
Сыктывкар,08.03.2023,-6.0,-20.0
Сыктывкар,09.03.2023,-1.0,-6.0
Сыктывкар,10.03.2023,-3.0,-12.0
Сыктывкар,11.03.2023,-1.8,-19.0
Сыктывкар,12.03.2023,4.0,-17.0
Сыктывкар,13.03.2023,5.3,-5.0
Сыктывкар,14.03.2023,1.0,-5.0
Сыктывкар,15.03.2023,3.3,0.0
Сыктывкар,16.03.2023,4.0,0.0
Сыктывкар,17.03.2023,1.0,-6.0
Сыктывкар,18.03.2023,0.0,-7.0
Сыктывкар,19.03.2023,1.0,-9.0
Сыктывкар,20.03.2023,3.0,-3.0
Сыктывкар,21.03.2023,7.0,-1.0
Сыктывкар,22.03.2023,1.0,-2.0
Сыктывкар,23.03.2023,4.0,-3.0
Сыктывкар,24.03.2023,6.0,-1.0
Сыктывкар,25.03.2023,6.0,-2.0
Сыктывкар,26.03.2023,6.0,-1.0
Сыктывкар,27.03.2023,-1.0,-4.3
Сыктывкар,28.03.2023,1.0,-16.0
Сыктывкар,29.03.2023,2.0,-17.0
Сыктывкар,30.03.2023,8.0,-8.0
Сыктывкар,31.03.2023,5.0,1.0
Киров,01.03.2023,-4.7,-10.0
Киров,02.03.2023,-9.8,-19.3
Киров,03.03.2023,-4.4,-5.9
Киров,04.03.2023,-1.5,-6.4
Киров,05.03.2023,-1.8,-5.7
Киров,06.03.2023,-5.5,-8.7
Киров,07.03.2023,-2.7,-11.9
Киров,08.03.2023,-1.0,-9.9
Киров,09.03.2023,0.9,-9.4
Киров,10.03.2023,-1.6,-6.1
Киров,11.03.2023,-3.7,-16.5
Киров,12.03.2023,4.2,-13.5
Киров,13.03.2023,4.4,-4.3
Киров,14.03.2023,0.7,-7.9
Киров,15.03.2023,7.7,-2.3
Киров,16.03.2023,7.8,1.8
Киров,17.03.2023,2.3,-2.6
Киров,18.03.2023,1.2,-9.3
Киров,19.03.2023,2.0,-11.7
Киров,20.03.2023,4.9,-6.9
Киров,21.03.2023,3.2,-2.6
Киров,22.03.2023,4.1,-4.2
Киров,23.03.2023,5.7,-4.5
Киров,24.03.2023,4.6,2.9
Киров,25.03.2023,5.9,2.5
Киров,26.03.2023,7.5,3.3
Киров,27.03.2023,8.1,4.1
Киров,28.03.2023,3.6,-2.0
Киров,29.03.2023,4.9,-4.3
Киров,30.03.2023,6.8,-2.1
Киров,31.03.2023,7.8,2.8
Санкт-Петербург,01.03.2023,0.0,-7.0
Санкт-Петербург,02.03.2023,3.0,-9.0
Санкт-Петербург,03.03.2023,2.0,-4.0
Санкт-Петербург,04.03.2023,2.7,-3.0
Санкт-Петербург,05.03.2023,1.3,-7.0
Санкт-Петербург,06.03.2023,-1.0,-9.1
Санкт-Петербург,07.03.2023,-3.7,-12.1
Санкт-Петербург,08.03.2023,1.0,-9.1
Санкт-Петербург,09.03.2023,-2.0,-17.0
Санкт-Петербург,10.03.2023,-1.4,-19.0
Санкт-Петербург,11.03.2023,-2.4,-18.0
Санкт-Петербург,12.03.2023,-2.7,-7.0
Санкт-Петербург,13.03.2023,1.0,-7.8
Санкт-Петербург,14.03.2023,7.9,-2.4
Санкт-Петербург,15.03.2023,5.7,1.0
Санкт-Петербург,16.03.2023,2.0,-6.0
Санкт-Петербург,17.03.2023,5.1,-8.0
Санкт-Петербург,18.03.2023,6.5,-1.0
Санкт-Петербург,19.03.2023,6.0,3.0
Санкт-Петербург,20.03.2023,10.4,2.0
Санкт-Петербург,21.03.2023,4.2,-1.0
Санкт-Петербург,22.03.2023,5.0,-1.1
Санкт-Петербург,23.03.2023,10.0,2.0
Санкт-Петербург,24.03.2023,8.0,1.5
Санкт-Петербург,25.03.2023,7.1,1.0
Санкт-Петербург,26.03.2023,5.0,-0.5
Санкт-Петербург,27.03.2023,0.5,-1.3
Санкт-Петербург,28.03.2023,1.7,-3.0
Санкт-Петербург,29.03.2023,-0.5,-4.0
Санкт-Петербург,30.03.2023,0.9,-9.0
Санкт-Петербург,31.03.2023,3.6,-2.0
Нижний Новгород,01.03.2023,-3.0,-7.2
Нижний Новгород,02.03.2023,-3.0,-9.0
Нижний Новгород,03.03.2023,0.1,-2.0
Нижний Новгород,04.03.2023,1.4,-3.0
Нижний Новгород,05.03.2023,0.0,-3.0
Нижний Новгород,06.03.2023,0.7,-4.5
Нижний Новгород,07.03.2023,0.0,-6.0
Нижний Новгород,08.03.2023,1.0,-12.0
Нижний Новгород,09.03.2023,2.0,-3.8
Нижний Новгород,10.03.2023,-1.4,-12.0
Нижний Новгород,11.03.2023,0.0,-19.0
Нижний Новгород,12.03.2023,7.0,-3.9
Нижний Новгород,13.03.2023,1.0,-5.0
Нижний Новгород,14.03.2023,4.0,-7.0
Нижний Новгород,15.03.2023,8.2,1.0
Нижний Новгород,16.03.2023,5.0,1.0
Нижний Новгород,17.03.2023,2.0,-5.0
Нижний Новгород,18.03.2023,3.0,-8.0
Нижний Новгород,19.03.2023,2.0,-6.1
Нижний Новгород,20.03.2023,2.2,-0.4
Нижний Новгород,21.03.2023,3.2,0.7
Нижний Новгород,22.03.2023,7.0,-3.0
Нижний Новгород,23.03.2023,9.8,-1.0
Нижний Новгород,24.03.2023,8.0,4.0
Нижний Новгород,25.03.2023,11.0,2.0
Нижний Новгород,26.03.2023,12.0,5.0
Нижний Новгород,27.03.2023,8.0,5.0
Нижний Новгород,28.03.2023,10.0,1.0
Нижний Новгород,29.03.2023,5.0,-0.8
Нижний Новгород,30.03.2023,10.0,1.9
Нижний Новгород,31.03.2023,6.0,1.5
Новосибирск,01.03.2023,2.0,-1.0
Новосибирск,02.03.2023,4.0,0.0
Новосибирск,03.03.2023,0.0,-7.0
Новосибирск,04.03.2023,-5.0,-8.0
Новосибирск,05.03.2023,-3.0,-10.0
Новосибирск,06.03.2023,-1.0,-11.0
Новосибирск,07.03.2023,1.0,-4.0
Новосибирск,08.03.2023,3.0,-12.0
Новосибирск,09.03.2023,-7.0,-15.0
Новосибирск,10.03.2023,1.0,-7.0
Новосибирск,11.03.2023,4.0,-5.0
Новосибирск,12.03.2023,1.0,-12.0
Новосибирск,13.03.2023,0.0,-11.0
Новосибирск,14.03.2023,1.0,-15.0
Новосибирск,15.03.2023,5.0,-16.0
Новосибирск,16.03.2023,0.0,-7.0
Новосибирск,17.03.2023,3.0,-9.0
Новосибирск,18.03.2023,2.0,-9.0
Новосибирск,19.03.2023,-2.0,-18.0
Новосибирск,20.03.2023,-7.0,-20.0
Новосибирск,21.03.2023,-4.0,-15.0
Новосибирск,22.03.2023,-3.0,-15.0
Новосибирск,23.03.2023,2.0,-7.0
Новосибирск,24.03.2023,2.0,-6.0
Новосибирск,25.03.2023,5.0,-3.0
Новосибирск,26.03.2023,7.0,2.0
Новосибирск,27.03.2023,4.0,1.0
Новосибирск,28.03.2023,8.0,1.0
Новосибирск,29.03.2023,13.0,-5.0
Новосибирск,30.03.2023,-2.0,-9.0
Новосибирск,31.03.2023,-5.0,-13.0
Южно-Сахалинск,01.03.2023,-0.5,-6.7
Южно-Сахалинск,02.03.2023,-0.4,-19.0
Южно-Сахалинск,03.03.2023,-0.3,-18.4
Южно-Сахалинск,04.03.2023,-0.4,-18.6
Южно-Сахалинск,05.03.2023,8.0,-13.0
Южно-Сахалинск,06.03.2023,6.5,-1.0
Южно-Сахалинск,07.03.2023,4.9,-6.0
Южно-Сахалинск,08.03.2023,-2.0,-18.1
Южно-Сахалинск,09.03.2023,-1.0,-8.0
Южно-Сахалинск,10.03.2023,-1.9,-4.0
Южно-Сахалинск,11.03.2023,1.0,-1.4
Южно-Сахалинск,12.03.2023,6.0,-2.6
Южно-Сахалинск,13.03.2023,8.0,-1.0
Южно-Сахалинск,14.03.2023,2.3,-6.1
Южно-Сахалинск,15.03.2023,2.4,-6.4
Южно-Сахалинск,16.03.2023,3.0,-10.0
Южно-Сахалинск,17.03.2023,1.0,-10.0
Южно-Сахалинск,18.03.2023,2.0,-11.2
Южно-Сахалинск,19.03.2023,8.0,-2.0
Южно-Сахалинск,20.03.2023,12.0,-5.0
Южно-Сахалинск,21.03.2023,8.0,0.0
Южно-Сахалинск,22.03.2023,9.6,-2.0
Южно-Сахалинск,23.03.2023,7.2,-1.0
Южно-Сахалинск,24.03.2023,1.5,-11.0
Южно-Сахалинск,25.03.2023,1.1,-3.3
Южно-Сахалинск,26.03.2023,5.0,-0.4
Южно-Сахалинск,27.03.2023,2.0,-7.2
Южно-Сахалинск,28.03.2023,10.0,-3.9
Южно-Сахалинск,29.03.2023,9.6,0.0
Южно-Сахалинск,30.03.2023,6.0,3.0
Южно-Сахалинск,31.03.2023,7.0,-0.4
Курган,01.03.2023,-2.5,-8.2
Курган,02.03.2023,-3.8,-11.6
Курган,03.03.2023,-7.0,-15.1
Курган,04.03.2023,-1.8,-18.2
Курган,05.03.2023,-0.2,-4.2
Курган,06.03.2023,1.8,-8.2
Курган,07.03.2023,-2.2,-11.8
Курган,08.03.2023,0.1,-11.8
Курган,09.03.2023,2.6,-6.1
Курган,10.03.2023,1.5,-4.4
Курган,11.03.2023,6.1,-3.1
Курган,12.03.2023,-0.3,-9.0
Курган,13.03.2023,2.3,-9.5
Курган,14.03.2023,1.3,-4.5
Курган,15.03.2023,0.1,-7.5
Курган,16.03.2023,7.3,-3.0
Курган,17.03.2023,8.2,-3.8
Курган,18.03.2023,7.8,-4.9
Курган,19.03.2023,0.3,-10.7
Курган,20.03.2023,-4.2,-10.8
Курган,21.03.2023,2.5,-10.0
Курган,22.03.2023,3.3,-5.9
Курган,23.03.2023,4.1,-1.1
Курган,24.03.2023,5.4,-3.4
Курган,25.03.2023,8.3,0.3
Курган,26.03.2023,7.1,0.6
Курган,27.03.2023,10.5,2.0
Курган,28.03.2023,14.4,2.6
Курган,29.03.2023,5.1,-6.1
Курган,30.03.2023,4.5,-7.9
Курган,31.03.2023,3.3,-6.9
Петрозаводск,01.03.2023,-2.0,-6.0
Петрозаводск,02.03.2023,2.0,-7.7
Петрозаводск,03.03.2023,0.0,-5.0
Петрозаводск,04.03.2023,-2.0,-6.0
Петрозаводск,05.03.2023,-5.0,-9.4
Петрозаводск,06.03.2023,-6.0,-14.0
Петрозаводск,07.03.2023,-3.0,-18.0
Петрозаводск,08.03.2023,-5.0,-22.0
Петрозаводск,09.03.2023,-6.0,-13.0
Петрозаводск,10.03.2023,-2.7,-15.0
Петрозаводск,11.03.2023,-2.4,-14.0
Петрозаводск,12.03.2023,-1.0,-9.0
Петрозаводск,13.03.2023,-2.0,-9.1
Петрозаводск,14.03.2023,6.0,-5.4
Петрозаводск,15.03.2023,6.0,-0.5
Петрозаводск,16.03.2023,2.0,-3.0
Петрозаводск,17.03.2023,2.0,-9.0
Петрозаводск,18.03.2023,6.0,-8.0
Петрозаводск,19.03.2023,3.0,0.0
Петрозаводск,20.03.2023,7.2,-0.2
Петрозаводск,21.03.2023,2.0,-3.0
Петрозаводск,22.03.2023,2.4,-5.0
Петрозаводск,23.03.2023,6.0,-1.0
Петрозаводск,24.03.2023,4.0,-1.3
Петрозаводск,25.03.2023,6.0,-1.1
Петрозаводск,26.03.2023,-2.0,-4.1
Петрозаводск,27.03.2023,0.0,-4.6
Петрозаводск,28.03.2023,0.0,-5.3
Петрозаводск,29.03.2023,3.2,-1.8
Петрозаводск,30.03.2023,0.0,-7.0
Петрозаводск,31.03.2023,-1.0,-8.0
Хабаровск,01.03.2023,-4.3,-13.1
Хабаровск,02.03.2023,-4.9,-14.1
Хабаровск,03.03.2023,-3.6,-13.6
Хабаровск,04.03.2023,1.0,-15.5
Хабаровск,05.03.2023,7.0,1.8
Хабаровск,06.03.2023,7.0,-3.0
Хабаровск,07.03.2023,2.0,-7.0
Хабаровск,08.03.2023,1.4,-9.0
Хабаровск,09.03.2023,1.3,-9.0
Хабаровск,10.03.2023,1.3,-7.3
Хабаровск,11.03.2023,4.0,-4.0
Хабаровск,12.03.2023,1.3,-5.3
Хабаровск,13.03.2023,-1.9,-9.0
Хабаровск,14.03.2023,-3.0,-11.2
Хабаровск,15.03.2023,-0.9,-8.4
Хабаровск,16.03.2023,-1.6,-12.0
Хабаровск,17.03.2023,-2.0,-11.9
Хабаровск,18.03.2023,1.2,-6.9
Хабаровск,19.03.2023,7.0,0.0
Хабаровск,20.03.2023,10.1,-0.1
Хабаровск,21.03.2023,13.8,-0.1
Хабаровск,22.03.2023,11.6,-2.2
Хабаровск,23.03.2023,3.3,-10.0
Хабаровск,24.03.2023,-1.7,-10.0
Хабаровск,25.03.2023,2.3,-6.5
Хабаровск,26.03.2023,5.1,-5.8
Хабаровск,27.03.2023,8.3,-3.0
Хабаровск,28.03.2023,10.6,-2.9
Хабаровск,29.03.2023,13.2,3.3
Хабаровск,30.03.2023,11.0,-4.0
Хабаровск,31.03.2023,9.2,-4.0
Петропавловск-Камчатский,01.03.2023,-4.0,-20.0
Петропавловск-Камчатский,02.03.2023,-4.0,-15.0
Петропавловск-Камчатский,03.03.2023,-5.0,-14.0
Петропавловск-Камчатский,04.03.2023,-6.0,-21.0
Петропавловск-Камчатский,05.03.2023,-7.0,-16.0
Петропавловск-Камчатский,06.03.2023,-3.0,-13.0
Петропавловск-Камчатский,07.03.2023,3.0,-8.0
Петропавловск-Камчатский,08.03.2023,-2.0,-9.0
Петропавловск-Камчатский,09.03.2023,-2.0,-15.0
Петропавловск-Камчатский,10.03.2023,2.0,-12.0
Петропавловск-Камчатский,11.03.2023,1.0,-11.0
Петропавловск-Камчатский,12.03.2023,-1.0,-5.0
Петропавловск-Камчатский,13.03.2023,1.0,-2.0
Петропавловск-Камчатский,14.03.2023,0.0,-2.0
Петропавловск-Камчатский,15.03.2023,1.0,-3.0
Петропавловск-Камчатский,16.03.2023,4.0,0.0
Петропавловск-Камчатский,17.03.2023,2.0,0.0
Петропавловск-Камчатский,18.03.2023,2.0,-9.0
Петропавловск-Камчатский,19.03.2023,0.0,-11.0
Петропавловск-Камчатский,20.03.2023,-1.0,-5.0
Петропавловск-Камчатский,21.03.2023,2.0,-9.0
Петропавловск-Камчатский,22.03.2023,6.0,-4.0
Петропавловск-Камчатский,23.03.2023,5.0,-1.0
Петропавловск-Камчатский,24.03.2023,1.0,-7.0
Петропавловск-Камчатский,25.03.2023,-3.0,-11.0
Петропавловск-Камчатский,26.03.2023,0.0,-4.0
Петропавловск-Камчатский,27.03.2023,2.0,-2.0
Петропавловск-Камчатский,28.03.2023,5.0,-2.0
Петропавловск-Камчатский,29.03.2023,2.0,-9.0
Петропавловск-Камчатский,30.03.2023,6.0,-4.0
Петропавловск-Камчатский,31.03.2023,9.0,-5.0
Воронеж,01.03.2023,-0.6,-5.5
Воронеж,02.03.2023,-0.5,-5.7
Воронеж,03.03.2023,3.7,0.9
Воронеж,04.03.2023,10.1,-0.3
Воронеж,05.03.2023,0.7,-2.7
Воронеж,06.03.2023,1.7,-3.3
Воронеж,07.03.2023,2.4,-5.8
Воронеж,08.03.2023,4.8,0.6
Воронеж,09.03.2023,7.4,1.8
Воронеж,10.03.2023,6.9,-3.2
Воронеж,11.03.2023,7.4,-4.4
Воронеж,12.03.2023,9.8,-0.4
Воронеж,13.03.2023,1.4,-1.6
Воронеж,14.03.2023,6.8,-2.1
Воронеж,15.03.2023,6.9,0.0
Воронеж,16.03.2023,6.7,-3.7
Воронеж,17.03.2023,3.4,1.6
Воронеж,18.03.2023,4.8,0.0
Воронеж,19.03.2023,2.0,0.0
Воронеж,20.03.2023,3.7,0.9
Воронеж,21.03.2023,7.0,1.7
Воронеж,22.03.2023,12.1,-0.8
Воронеж,23.03.2023,15.7,3.1
Воронеж,24.03.2023,15.0,8.0
Воронеж,25.03.2023,17.1,6.2
Воронеж,26.03.2023,16.2,5.4
Воронеж,27.03.2023,13.4,6.2
Воронеж,28.03.2023,14.4,1.7
Воронеж,29.03.2023,10.5,4.5
Воронеж,30.03.2023,5.7,2.2
Воронеж,31.03.2023,2.5,0.3
Пермь,01.03.2023,-4.1,-8.1
Пермь,02.03.2023,-9.8,-15.2
Пермь,03.03.2023,-9.8,-12.2
Пермь,04.03.2023,-2.2,-12.0
Пермь,05.03.2023,-0.2,-5.4
Пермь,06.03.2023,-1.8,-4.8
Пермь,07.03.2023,-1.5,-6.8
Пермь,08.03.2023,-2.5,-6.9
Пермь,09.03.2023,2.7,-5.9
Пермь,10.03.2023,3.9,0.2
Пермь,11.03.2023,-1.7,-9.8
Пермь,12.03.2023,3.3,-11.9
Пермь,13.03.2023,6.9,-2.5
Пермь,14.03.2023,0.0,-5.6
Пермь,15.03.2023,3.1,-3.9
Пермь,16.03.2023,4.9,-0.6
Пермь,17.03.2023,7.9,2.0
Пермь,18.03.2023,-0.2,-9.7
Пермь,19.03.2023,1.1,-12.3
Пермь,20.03.2023,2.5,-2.8
Пермь,21.03.2023,2.4,-1.5
Пермь,22.03.2023,3.9,-2.0
Пермь,23.03.2023,6.4,-4.0
Пермь,24.03.2023,9.2,2.0
Пермь,25.03.2023,5.4,3.7
Пермь,26.03.2023,7.8,3.0
Пермь,27.03.2023,10.5,4.7
Пермь,28.03.2023,6.9,-1.9
Пермь,29.03.2023,4.2,-4.9
Пермь,30.03.2023,8.1,-4.3
Пермь,31.03.2023,8.7,-0.6
Казань,01.03.2023,-3.4,-7.0
Казань,02.03.2023,-3.0,-13.0
Казань,03.03.2023,-2.0,-8.0
Казань,04.03.2023,0.8,-5.8
Казань,05.03.2023,1.4,-3.0
Казань,06.03.2023,0.3,-7.0
Казань,07.03.2023,-1.3,-10.0
Казань,08.03.2023,1.0,-11.0
Казань,09.03.2023,4.7,-5.1
Казань,10.03.2023,4.5,-3.0
Казань,11.03.2023,0.4,-6.0
Казань,12.03.2023,4.2,-4.3
Казань,13.03.2023,4.1,-6.0
Казань,14.03.2023,2.6,-8.0
Казань,15.03.2023,6.5,-0.1
Казань,16.03.2023,5.2,1.0
Казань,17.03.2023,6.0,0.0
Казань,18.03.2023,0.6,-5.0
Казань,19.03.2023,2.2,-7.0
Казань,20.03.2023,1.8,-0.3
Казань,21.03.2023,5.9,0.0
Казань,22.03.2023,5.0,-3.0
Казань,23.03.2023,6.3,-4.0
Казань,24.03.2023,11.8,3.0
Казань,25.03.2023,10.7,3.9
Казань,26.03.2023,14.7,6.0
Казань,27.03.2023,10.6,5.0
Казань,28.03.2023,10.2,0.0
Казань,29.03.2023,9.0,-1.0
Казань,30.03.2023,11.0,2.5
Казань,31.03.2023,7.0,2.0
Ростов,01.03.2023,-3.0,-8.4
Ростов,02.03.2023,-1.4,-6.8
Ростов,03.03.2023,1.8,-3.1
Ростов,04.03.2023,1.5,-3.6
Ростов,05.03.2023,-0.4,-6.0
Ростов,06.03.2023,1.4,-6.9
Ростов,07.03.2023,0.7,-9.0
Ростов,08.03.2023,-1.7,-20.3
Ростов,09.03.2023,1.5,-6.4
Ростов,10.03.2023,-2.4,-15.4
Ростов,11.03.2023,-2.0,-23.2
Ростов,12.03.2023,4.8,-4.5
Ростов,13.03.2023,-0.9,-8.3
Ростов,14.03.2023,3.7,-9.6
Ростов,15.03.2023,7.4,2.7
Ростов,16.03.2023,2.3,0.3
Ростов,17.03.2023,3.8,-4.8
Ростов,18.03.2023,4.5,-10.9
Ростов,19.03.2023,3.4,-10.0
Ростов,20.03.2023,7.7,-5.6
Ростов,21.03.2023,5.8,-0.4
Ростов,22.03.2023,7.7,-1.1
Ростов,23.03.2023,9.9,-3.0
Ростов,24.03.2023,8.3,3.4
Ростов,25.03.2023,7.3,1.3
Ростов,26.03.2023,6.3,0.0
Ростов,27.03.2023,8.1,2.3
Ростов,28.03.2023,8.2,2.9
Ростов,29.03.2023,8.5,2.9
Ростов,30.03.2023,4.8,0.0
Ростов,31.03.2023,1.3,-1.0
Владимир,01.03.2023,-3.5,-9.3
Владимир,02.03.2023,-2.9,-5.8
Владимир,03.03.2023,0.8,-2.0
Владимир,04.03.2023,0.9,-3.2
Владимир,05.03.2023,-1.5,-4.1
Владимир,06.03.2023,0.0,-5.9
Владимир,07.03.2023,-0.4,-8.5
Владимир,08.03.2023,-1.2,-9.2
Владимир,09.03.2023,0.5,-5.1
Владимир,10.03.2023,-4.6,-12.4
Владимир,11.03.2023,-1.2,-14.0
Владимир,12.03.2023,5.5,-3.8
Владимир,13.03.2023,-0.6,-5.8
Владимир,14.03.2023,4.0,-7.1
Владимир,15.03.2023,8.3,2.5
Владимир,16.03.2023,2.8,0.0
Владимир,17.03.2023,1.8,-6.3
Владимир,18.03.2023,2.0,-10.0
Владимир,19.03.2023,4.2,-8.4
Владимир,20.03.2023,7.1,-8.1
Владимир,21.03.2023,5.8,-1.5
Владимир,22.03.2023,6.6,2.0
Владимир,23.03.2023,9.7,1.5
Владимир,24.03.2023,7.4,4.6
Владимир,25.03.2023,8.9,2.9
Владимир,26.03.2023,7.3,3.3
Владимир,27.03.2023,6.4,3.3
Владимир,28.03.2023,9.2,2.0
Владимир,29.03.2023,9.5,3.2
Владимир,30.03.2023,5.9,1.7
Владимир,31.03.2023,2.1,-0.1
Тверь,01.03.2023,-2.2,-8.6
Тверь,02.03.2023,-0.7,-6.2
Тверь,03.03.2023,2.5,-0.8
Тверь,04.03.2023,-0.5,-2.5
Тверь,05.03.2023,-0.5,-4.1
Тверь,06.03.2023,-0.4,-4.8
Тверь,07.03.2023,-0.5,-11.1
Тверь,08.03.2023,-0.4,-15.3
Тверь,09.03.2023,-0.5,-5.6
Тверь,10.03.2023,-2.4,-15.9
Тверь,11.03.2023,-1.5,-18.1
Тверь,12.03.2023,2.3,-4.9
Тверь,13.03.2023,-0.6,-7.6
Тверь,14.03.2023,5.3,-7.0
Тверь,15.03.2023,6.8,3.7
Тверь,16.03.2023,3.3,0.7
Тверь,17.03.2023,5.0,-6.8
Тверь,18.03.2023,4.1,-10.7
Тверь,19.03.2023,5.4,-7.6
Тверь,20.03.2023,8.5,-1.9
Тверь,21.03.2023,7.2,1.9
Тверь,22.03.2023,6.9,-2.4
Тверь,23.03.2023,10.1,1.2
Тверь,24.03.2023,10.0,2.3
Тверь,25.03.2023,11.5,1.1
Тверь,26.03.2023,7.2,-1.6
Тверь,27.03.2023,7.9,2.2
Тверь,28.03.2023,9.8,1.8
Тверь,29.03.2023,6.9,3.3
Тверь,30.03.2023,2.3,-3.7
Тверь,31.03.2023,8.0,-7.3
Брянск,01.03.2023,0.0,-4.0
Брянск,02.03.2023,2.0,-4.5
Брянск,03.03.2023,4.0,-1.0
Брянск,04.03.2023,0.1,-3.1
Брянск,05.03.2023,1.0,-5.5
Брянск,06.03.2023,0.0,-8.0
Брянск,07.03.2023,0.1,-8.0
Брянск,08.03.2023,3.0,-5.3
Брянск,09.03.2023,1.0,-4.0
Брянск,10.03.2023,1.5,-6.4
Брянск,11.03.2023,5.0,-3.0
Брянск,12.03.2023,6.0,-3.0
Брянск,13.03.2023,2.0,-4.4
Брянск,14.03.2023,8.1,-0.5
Брянск,15.03.2023,9.0,2.0
Брянск,16.03.2023,5.4,1.6
Брянск,17.03.2023,3.5,0.5
Брянск,18.03.2023,5.9,-3.0
Брянск,19.03.2023,6.0,-5.9
Брянск,20.03.2023,7.2,-4.9
Брянск,21.03.2023,11.0,-1.2
Брянск,22.03.2023,8.3,1.0
Брянск,23.03.2023,13.0,0.0
Брянск,24.03.2023,13.2,7.0
Брянск,25.03.2023,15.0,7.0
Брянск,26.03.2023,9.0,4.0
Брянск,27.03.2023,10.4,2.0
Брянск,28.03.2023,14.4,1.5
Брянск,29.03.2023,8.0,0.0
Брянск,30.03.2023,5.0,-2.0
Брянск,31.03.2023,10.3,-3.7
Архангельск,01.03.2023,-3.0,-10.0
Архангельск,02.03.2023,-4.0,-10.9
Архангельск,03.03.2023,-5.0,-17.0
Архангельск,04.03.2023,-6.0,-19.0
Архангельск,05.03.2023,-6.0,-24.7
Архангельск,06.03.2023,-7.0,-23.8
Архангельск,07.03.2023,-5.9,-19.0
Архангельск,08.03.2023,-5.9,-15.0
Архангельск,09.03.2023,-5.0,-16.0
Архангельск,10.03.2023,-5.0,-20.2
Архангельск,11.03.2023,0.0,-12.8
Архангельск,12.03.2023,-2.0,-9.8
Архангельск,13.03.2023,-3.0,-6.0
Архангельск,14.03.2023,4.0,-10.0
Архангельск,15.03.2023,4.2,-2.8
Архангельск,16.03.2023,2.0,-5.0
Архангельск,17.03.2023,-2.0,-14.0
Архангельск,18.03.2023,3.0,-16.0
Архангельск,19.03.2023,1.5,-11.0
Архангельск,20.03.2023,2.0,-14.0
Архангельск,21.03.2023,-1.0,-13.0
Архангельск,22.03.2023,-1.3,-15.0
Архангельск,23.03.2023,-2.7,-7.0
Архангельск,24.03.2023,-1.0,-11.0
Архангельск,25.03.2023,1.1,-11.1
Архангельск,26.03.2023,0.0,-16.0
Архангельск,27.03.2023,-1.0,-15.0
Архангельск,28.03.2023,-1.0,-19.0
Архангельск,29.03.2023,4.0,-11.0
Архангельск,30.03.2023,3.2,-4.0
Архангельск,31.03.2023,1.0,-8.9
Чита,01.03.2023,-4.0,-23.4
Чита,02.03.2023,5.0,-9.2
Чита,03.03.2023,9.0,-13.0
Чита,04.03.2023,11.0,-13.2
Чита,05.03.2023,3.0,-14.0
Чита,06.03.2023,-1.0,-12.4
Чита,07.03.2023,0.4,-10.7
Чита,08.03.2023,3.1,-11.4
Чита,09.03.2023,7.0,-9.0
Чита,10.03.2023,-4.0,-16.0
Чита,11.03.2023,-7.0,-22.0
Чита,12.03.2023,-2.7,-21.9
Чита,13.03.2023,-3.6,-10.4
Чита,14.03.2023,-4.0,-11.0
Чита,15.03.2023,-1.8,-14.0
Чита,16.03.2023,1.5,-14.7
Чита,17.03.2023,7.0,-10.0
Чита,18.03.2023,8.6,-8.0
Чита,19.03.2023,11.0,-7.0
Чита,20.03.2023,12.0,-9.0
Чита,21.03.2023,3.0,-13.0
Чита,22.03.2023,-9.0,-13.3
Чита,23.03.2023,-2.0,-24.0
Чита,24.03.2023,-0.7,-23.1
Чита,25.03.2023,2.0,-22.0
Чита,26.03.2023,4.6,-13.0
Чита,27.03.2023,10.0,-10.7
Чита,28.03.2023,12.6,-5.3
Чита,29.03.2023,10.0,0.0
Чита,30.03.2023,17.0,-6.0
Чита,31.03.2023,21.1,-5.0
Волгоград,01.03.2023,0.0,-6.0
Волгоград,02.03.2023,0.5,-8.7
Волгоград,03.03.2023,2.6,1.0
Волгоград,04.03.2023,5.6,-1.0
Волгоград,05.03.2023,6.3,-4.0
Волгоград,06.03.2023,4.1,-4.4
Волгоград,07.03.2023,4.3,-4.1
Волгоград,08.03.2023,10.3,2.3
Волгоград,09.03.2023,11.1,1.9
Волгоград,10.03.2023,14.5,3.6
Волгоград,11.03.2023,12.4,0.7
Волгоград,12.03.2023,8.6,4.0
Волгоград,13.03.2023,7.3,-4.0
Волгоград,14.03.2023,8.0,-6.4
Волгоград,15.03.2023,13.0,-0.7
Волгоград,16.03.2023,15.5,0.7
Волгоград,17.03.2023,11.3,4.9
Волгоград,18.03.2023,14.9,3.0
Волгоград,19.03.2023,18.4,1.0
Волгоград,20.03.2023,17.0,2.3
Волгоград,21.03.2023,15.7,0.6
Волгоград,22.03.2023,16.1,5.6
Волгоград,23.03.2023,13.6,3.0
Волгоград,24.03.2023,18.1,2.0
Волгоград,25.03.2023,19.5,5.0
Волгоград,26.03.2023,19.6,4.7
Волгоград,27.03.2023,13.9,6.0
Волгоград,28.03.2023,13.3,4.6
Волгоград,29.03.2023,14.9,7.4
Волгоград,30.03.2023,10.2,0.0
Волгоград,31.03.2023,6.0,-1.0
Челябинск,01.03.2023,-1.8,-11.5
Челябинск,02.03.2023,-2.3,-13.1
Челябинск,03.03.2023,-8.1,-12.5
Челябинск,04.03.2023,0.3,-14.4
Челябинск,05.03.2023,0.9,-8.1
Челябинск,06.03.2023,1.0,-11.0
Челябинск,07.03.2023,-1.0,-16.1
Челябинск,08.03.2023,-0.3,-12.4
Челябинск,09.03.2023,2.8,-7.1
Челябинск,10.03.2023,6.0,-1.3
Челябинск,11.03.2023,5.8,-4.9
Челябинск,12.03.2023,0.0,-14.5
Челябинск,13.03.2023,-0.4,-7.8
Челябинск,14.03.2023,0.5,-6.5
Челябинск,15.03.2023,3.6,-15.0
Челябинск,16.03.2023,8.4,-6.9
Челябинск,17.03.2023,12.4,-8.3
Челябинск,18.03.2023,9.8,-3.9
Челябинск,19.03.2023,-0.7,-10.4
Челябинск,20.03.2023,-1.8,-14.1
Челябинск,21.03.2023,8.9,-5.7
Челябинск,22.03.2023,8.7,-5.8
Челябинск,23.03.2023,6.9,-2.4
Челябинск,24.03.2023,9.8,-3.3
Челябинск,25.03.2023,12.3,0.7
Челябинск,26.03.2023,12.6,-1.3
Челябинск,27.03.2023,15.3,1.7
Челябинск,28.03.2023,16.0,1.8
Челябинск,29.03.2023,4.8,-2.4
Челябинск,30.03.2023,4.3,-5.9
Челябинск,31.03.2023,5.3,-5.3
Владивосток,01.03.2023,1.8,-5.1
Владивосток,02.03.2023,0.9,-4.0
Владивосток,03.03.2023,3.7,-4.6
Владивосток,04.03.2023,3.5,-2.7
Владивосток,05.03.2023,2.1,-0.9
Владивосток,06.03.2023,5.7,-1.1
Владивосток,07.03.2023,9.5,0.7
Владивосток,08.03.2023,5.1,-1.7
Владивосток,09.03.2023,1.3,-0.4
Владивосток,10.03.2023,1.5,-0.8
Владивосток,11.03.2023,1.5,-0.4
Владивосток,12.03.2023,-0.3,-6.6
Владивосток,13.03.2023,-0.2,-5.8
Владивосток,14.03.2023,2.5,-5.5
Владивосток,15.03.2023,3.4,-1.2
Владивосток,16.03.2023,3.5,-1.7
Владивосток,17.03.2023,4.7,-1.6
Владивосток,18.03.2023,5.2,0.7
Владивосток,19.03.2023,9.3,0.3
Владивосток,20.03.2023,11.5,1.4
Владивосток,21.03.2023,7.0,-0.4
Владивосток,22.03.2023,4.7,1.7
Владивосток,23.03.2023,12.4,-2.1
Владивосток,24.03.2023,4.3,-2.3
Владивосток,25.03.2023,6.0,-3.0
Владивосток,26.03.2023,5.4,-0.7
Владивосток,27.03.2023,7.9,0.6
Владивосток,28.03.2023,5.5,-0.5
Владивосток,29.03.2023,4.1,-0.3
Владивосток,30.03.2023,10.5,2.8
Владивосток,31.03.2023,16.9,4.8
Пенза,01.03.2023,-2.1,-10.0
Пенза,02.03.2023,-2.8,-10.7
Пенза,03.03.2023,1.0,-1.5
Пенза,04.03.2023,1.1,-1.8
Пенза,05.03.2023,0.9,-3.2
Пенза,06.03.2023,0.2,-7.5
Пенза,07.03.2023,-0.1,-9.4
Пенза,08.03.2023,2.7,-3.9
Пенза,09.03.2023,4.2,1.4
Пенза,10.03.2023,6.6,-1.2
Пенза,11.03.2023,3.3,-2.6
Пенза,12.03.2023,7.7,0.6
Пенза,13.03.2023,2.6,-2.7
Пенза,14.03.2023,3.8,-5.5
Пенза,15.03.2023,6.9,-0.3
Пенза,16.03.2023,8.5,1.3
Пенза,17.03.2023,5.6,1.2
Пенза,18.03.2023,1.1,-0.6
Пенза,19.03.2023,6.7,-1.0
Пенза,20.03.2023,10.0,1.7
Пенза,21.03.2023,12.3,2.9
Пенза,22.03.2023,11.1,0.2
Пенза,23.03.2023,11.8,3.2
Пенза,24.03.2023,15.3,2.8
Пенза,25.03.2023,16.0,5.5
Пенза,26.03.2023,16.5,8.5
Пенза,27.03.2023,12.2,4.4
Пенза,28.03.2023,13.5,0.2
Пенза,29.03.2023,12.4,4.0
Пенза,30.03.2023,7.8,4.0
Пенза,31.03.2023,6.3,0.7
Краснодар,01.03.2023,8.0,0.0
Краснодар,02.03.2023,6.0,-5.0
Краснодар,03.03.2023,12.0,4.0
Краснодар,04.03.2023,8.0,3.0
Краснодар,05.03.2023,12.0,7.0
Краснодар,06.03.2023,8.0,-1.0
Краснодар,07.03.2023,12.0,1.0
Краснодар,08.03.2023,19.0,0.0
Краснодар,09.03.2023,18.0,8.0
Краснодар,10.03.2023,16.0,5.0
Краснодар,11.03.2023,18.0,6.0
Краснодар,12.03.2023,17.0,5.0
Краснодар,13.03.2023,7.0,2.0
Краснодар,14.03.2023,10.0,4.0
Краснодар,15.03.2023,14.0,3.0
Краснодар,16.03.2023,18.0,2.0
Краснодар,17.03.2023,13.0,6.0
Краснодар,18.03.2023,12.0,7.0
Краснодар,19.03.2023,12.0,7.0
Краснодар,20.03.2023,15.0,8.0
Краснодар,21.03.2023,13.0,8.0
Краснодар,22.03.2023,15.0,6.0
Краснодар,23.03.2023,17.0,8.0
Краснодар,24.03.2023,15.0,7.0
Краснодар,25.03.2023,16.0,6.0
Краснодар,26.03.2023,16.0,8.0
Краснодар,27.03.2023,13.0,4.0
Краснодар,28.03.2023,21.0,7.0
Краснодар,29.03.2023,10.0,2.0
Краснодар,30.03.2023,8.0,2.0
Краснодар,31.03.2023,10.0,2.0
Махачкала,04.03.2023,10.5,4.0
Курск,01.03.2023,-0.2,-5.2
Курск,02.03.2023,0.6,-5.4
Курск,03.03.2023,3.5,0.5
Курск,04.03.2023,2.8,-1.3
Курск,05.03.2023,-0.5,-4.3
Курск,06.03.2023,0.4,-5.1
Курск,07.03.2023,3.1,-5.9
Курск,08.03.2023,3.4,-2.9
Курск,09.03.2023,6.9,-1.5
Курск,10.03.2023,2.5,-1.7
Курск,11.03.2023,7.0,-1.7
Курск,12.03.2023,8.1,-2.7
Курск,13.03.2023,0.6,-4.2
Курск,14.03.2023,8.0,-0.8
Курск,15.03.2023,7.8,0.6
Курск,16.03.2023,4.7,2.7
Курск,17.03.2023,2.7,0.9
Курск,18.03.2023,4.4,-1.4
Курск,19.03.2023,2.6,-2.1
Курск,20.03.2023,3.4,-0.5
Курск,21.03.2023,9.4,0.2
Курск,22.03.2023,10.1,3.8
Курск,23.03.2023,14.9,5.8
Курск,24.03.2023,15.5,9.9
Курск,25.03.2023,14.2,9.7
Курск,26.03.2023,9.9,6.4
Курск,27.03.2023,13.6,6.2
Курск,28.03.2023,13.7,4.7
Курск,29.03.2023,7.7,0.7
Курск,30.03.2023,2.3,-0.2
Курск,31.03.2023,1.8,-1.6
Ижевск,01.03.2023,-3.3,-7.7
Ижевск,02.03.2023,-6.3,-16.2
Ижевск,03.03.2023,-6.6,-9.9
Ижевск,04.03.2023,-0.2,-10.0
Ижевск,05.03.2023,-0.4,-5.2
Ижевск,06.03.2023,0.0,-5.7
Ижевск,07.03.2023,-2.2,-8.0
Ижевск,08.03.2023,-3.9,-11.5
Ижевск,09.03.2023,3.2,-7.9
Ижевск,10.03.2023,4.0,-1.0
Ижевск,11.03.2023,-1.0,-9.0
Ижевск,12.03.2023,2.8,-12.9
Ижевск,13.03.2023,4.1,-4.5
Ижевск,14.03.2023,0.3,-7.5
Ижевск,15.03.2023,5.4,-2.3
Ижевск,16.03.2023,5.4,-1.4
Ижевск,17.03.2023,7.4,1.7
Ижевск,18.03.2023,1.5,-6.3
Ижевск,19.03.2023,1.8,-9.1
Ижевск,20.03.2023,0.9,-1.1
Ижевск,21.03.2023,3.6,-0.3
Ижевск,22.03.2023,5.4,-1.5
Ижевск,23.03.2023,6.2,-2.8
Ижевск,24.03.2023,9.0,2.3
Ижевск,25.03.2023,5.9,3.9
Ижевск,26.03.2023,8.0,3.6
Ижевск,27.03.2023,11.2,4.7
Ижевск,28.03.2023,7.9,0.4
Ижевск,29.03.2023,5.9,-1.4
Ижевск,30.03.2023,10.4,-2.1
Ижевск,31.03.2023,10.3,2.4
Астрахань,01.03.2023,8.0,2.0
Астрахань,02.03.2023,3.0,-4.0
Астрахань,03.03.2023,6.0,-3.0
Астрахань,04.03.2023,8.0,-1.0
Астрахань,05.03.2023,13.0,-1.0
Астрахань,06.03.2023,7.0,1.0
Астрахань,07.03.2023,8.0,-1.0
Астрахань,08.03.2023,9.0,-3.0
Астрахань,09.03.2023,13.0,1.0
Астрахань,10.03.2023,17.0,-1.0
Астрахань,11.03.2023,18.0,4.0
Астрахань,12.03.2023,18.0,4.0
Астрахань,13.03.2023,17.0,5.0
Астрахань,14.03.2023,11.0,2.0
Астрахань,15.03.2023,11.0,1.0
Астрахань,16.03.2023,15.0,4.0
Астрахань,17.03.2023,17.0,2.0
Астрахань,18.03.2023,21.0,1.0
Астрахань,19.03.2023,20.0,2.0
Астрахань,20.03.2023,15.0,4.0
Астрахань,21.03.2023,18.0,2.0
Астрахань,22.03.2023,19.0,-1.0
Астрахань,23.03.2023,20.0,2.0
Астрахань,24.03.2023,22.0,3.0
Астрахань,25.03.2023,22.0,2.0
Астрахань,26.03.2023,20.0,4.0
Астрахань,27.03.2023,19.0,2.0
Астрахань,28.03.2023,20.0,6.0
Астрахань,29.03.2023,19.0,5.0
Астрахань,30.03.2023,13.0,1.0
Астрахань,31.03.2023,12.0,2.0
Иркутск,01.03.2023,2.0,-12.7
Иркутск,02.03.2023,11.3,-8.0
Иркутск,03.03.2023,12.1,-3.0
Иркутск,04.03.2023,9.5,-3.0
Иркутск,05.03.2023,2.0,-12.0
Иркутск,06.03.2023,1.8,-12.0
Иркутск,07.03.2023,4.6,-8.0
Иркутск,08.03.2023,3.4,-5.0
Иркутск,09.03.2023,2.0,-10.0
Иркутск,10.03.2023,-7.6,-20.0
Иркутск,11.03.2023,-2.8,-22.0
Иркутск,12.03.2023,-2.2,-11.1
Иркутск,13.03.2023,-0.4,-9.0
Иркутск,14.03.2023,-2.6,-9.0
Иркутск,15.03.2023,-0.8,-18.0
Иркутск,16.03.2023,1.9,-19.0
Иркутск,17.03.2023,4.6,-14.0
Иркутск,18.03.2023,9.6,-12.0
Иркутск,19.03.2023,11.2,-9.0
Иркутск,20.03.2023,3.2,-13.0
Иркутск,21.03.2023,-9.5,-25.0
Иркутск,22.03.2023,-7.6,-24.0
Иркутск,23.03.2023,-4.1,-17.0
Иркутск,24.03.2023,1.0,-17.0
Иркутск,25.03.2023,5.3,-14.0
Иркутск,26.03.2023,10.2,-5.0
Иркутск,27.03.2023,12.8,-4.0
Иркутск,28.03.2023,14.3,-2.7
Иркутск,29.03.2023,15.3,-2.0
Иркутск,30.03.2023,21.1,-2.0
Иркутск,31.03.2023,-1.9,-11.0
